row	subject	action	frame
0	p000438	a000040	0
1	p000438	a000040	75
2	p000438	a000040	89
3	p000438	a000040	100
4	p000438	a000040	111
5	p000438	a000046	22
6	p000438	a000046	54
7	p000438	a000046	66
8	p000438	a000075	15
9	p000438	a000075	25
10	p000438	a000075	51
11	p000438	a000075	62
12	p000438	a000075	69
13	p000438	a000075	76
14	p000438	a000075	94
15	p000438	a000075	120
16	p000438	a000075	145
17	p000438	a000211	37
18	p000438	a000211	52
19	p000438	a000211	71
20	p000438	a000211	77
21	p000438	a000211	100
22	p000438	a005731	23
23	p000438	a005731	60
24	p000438	a005731	91
25	p000438	a005731	122
26	p000438	a099999	2
27	p000439	a000040	109
28	p000439	a000040	159
29	p000439	a000040	173
30	p000439	a000040	212
31	p000439	a000040	230
32	p000439	a000040	256
33	p000439	a000046	9
34	p000439	a000046	30
35	p000439	a000046	60
36	p000439	a000075	8
37	p000439	a000075	91
38	p000439	a001026	0
39	p000439	a001026	82
40	p000439	a003010	52
41	p000439	a005129	61
42	p000439	a005129	95
43	p000439	a005129	116
44	p000439	a005129	150
45	p000439	a005129	194
46	p000439	a005240	0
47	p000439	a005710	0
48	p000439	a005710	202
49	p000439	a005728	41
50	p000439	a005728	114
51	p000439	a005730	172
52	p000439	a005731	58
53	p000439	a005731	107
54	p000439	a099999	36
55	p000440	a000040	83
56	p000440	a000040	93
57	p000440	a000040	110
58	p000440	a000040	122
59	p000440	a000046	2
60	p000440	a000046	78
61	p000440	a000075	23
62	p000440	a000075	69
63	p000440	a000075	101
64	p000440	a000211	31
65	p000440	a000211	57
66	p000440	a000211	74
67	p000440	a000215	50
68	p000440	a000215	66
69	p000440	a000792	39
70	p000440	a000986	45
71	p000440	a000986	66
72	p000440	a000986	130
73	p000440	a000986	184
74	p000440	a000986	209
75	p000440	a001026	0
76	p000440	a001026	51
77	p000440	a001026	75
78	p000440	a003011	38
79	p000440	a005238	40
80	p000440	a005710	73
81	p000440	a005728	91
82	p000440	a005731	157
83	p000441	a000064	89
84	p000441	a000064	167
85	p000441	a000065	77
86	p000441	a000065	98
87	p000441	a000071	3
88	p000441	a000071	73
89	p000441	a000071	91
90	p000441	a000110	76
91	p000441	a000170	59
92	p000441	a000207	49
93	p000441	a000207	87
94	p000441	a000207	182
95	p000441	a000207	365
96	p000441	a000215	129
97	p000441	a000218	60
98	p000441	a000218	136
99	p000441	a000218	137
100	p000441	a000218	147
101	p000441	a000225	56
102	p000441	a000790	0
103	p000441	a001026	65
104	p000441	a001230	0
105	p000441	a001231	41
106	p000441	a001232	0
107	p000441	a001244	58
108	p000441	a003010	26
109	p000441	a005672	46
110	p000441	a005710	113
111	p000442	a000159	0
112	p000442	a000159	26
113	p000442	a000159	32
114	p000442	a000159	37
115	p000442	a000159	59
116	p000442	a000159	69
117	p000442	a000159	75
118	p000442	a000159	83
119	p000442	a000159	102
120	p000442	a000159	108
121	p000442	a000159	121
122	p000442	a000192	3
123	p000442	a000192	29
124	p000442	a000192	40
125	p000442	a000192	48
126	p000442	a000192	57
127	p000442	a000192	73
128	p000442	a000192	86
129	p000442	a000192	101
130	p000442	a000192	109
131	p000442	a000228	0
132	p000442	a000228	29
133	p000442	a000228	55
134	p000442	a000228	69
135	p000442	a000228	100
136	p000442	a001230	34
137	p000442	a005240	39
138	p000443	a000039	70
139	p000443	a000039	101
140	p000443	a000041	6
141	p000443	a000047	35
142	p000443	a000047	45
143	p000443	a000071	3
144	p000443	a000071	51
145	p000443	a000071	77
146	p000443	a000071	118
147	p000443	a000110	46
148	p000443	a000194	36
149	p000443	a000218	117
150	p000443	a000218	236
151	p000443	a000223	37
152	p000443	a000228	4
153	p000443	a000228	53
154	p000443	a000326	45
155	p000443	a000326	157
156	p000443	a000701	28
157	p000443	a000701	57
158	p000443	a000701	118
159	p000443	a000701	155
160	p000443	a001230	0
161	p000443	a003010	36
162	p000443	a003011	6
163	p000443	a005341	17
164	p000443	a005611	67
165	p000443	a099999	36
166	p000444	a000073	12
167	p000444	a000073	42
168	p000444	a000091	96
169	p000444	a000149	58
170	p000444	a000153	20
171	p000444	a000153	59
172	p000444	a000153	72
173	p000444	a000153	113
174	p000444	a000154	18
175	p000444	a000154	88
176	p000444	a000155	15
177	p000444	a000155	27
178	p000444	a000155	109
179	p000444	a000157	57
180	p000444	a000157	94
181	p000444	a000160	0
182	p000444	a000160	44
183	p000444	a000160	79
184	p000444	a000160	98
185	p000444	a000194	18
186	p000444	a000205	0
187	p000444	a000205	34
188	p000444	a000205	74
189	p000444	a000893	71
190	p000444	a000893	83
191	p000444	a003012	20
192	p000444	a005823	28
193	p000444	a005823	73
194	p000446	a000036	28
195	p000446	a000036	60
196	p000446	a000046	0
197	p000446	a000046	23
198	p000446	a000046	34
199	p000446	a000046	44
200	p000446	a000046	97
201	p000446	a000156	8
202	p000446	a000156	21
203	p000446	a000156	49
204	p000446	a000156	67
205	p000446	a000156	105
206	p000446	a000156	115
207	p000446	a000156	145
208	p000446	a000156	177
209	p000446	a000198	120
210	p000446	a000198	159
211	p000446	a000224	52
212	p000446	a000224	98
213	p000446	a000792	2
214	p000446	a000792	53
215	p000446	a000792	128
216	p000446	a001398	43
217	p000446	a005672	29
218	p000446	a005711	26
219	p000446	a005711	132
220	p000446	a005711	153
221	p000446	a099999	0
222	p000447	a000036	41
223	p000447	a000036	59
224	p000447	a000055	0
225	p000447	a000055	36
226	p000447	a000055	100
227	p000447	a000056	65
228	p000447	a000056	92
229	p000447	a000056	103
230	p000447	a000071	91
231	p000447	a000071	133
232	p000447	a000071	174
233	p000447	a000076	8
234	p000447	a000076	114
235	p000447	a000076	169
236	p000447	a000204	0
237	p000447	a000204	33
238	p000447	a000204	100
239	p000447	a000221	110
240	p000447	a000221	137
241	p000447	a000221	279
242	p000447	a000792	2
243	p000447	a000978	156
244	p000447	a001082	169
245	p000447	a001225	35
246	p000447	a001398	48
247	p000447	a005711	68
248	p000447	a005711	116
249	p000447	a005746	0
250	p000448	a000036	0
251	p000448	a000036	51
252	p000448	a000036	87
253	p000448	a000075	19
254	p000448	a000075	90
255	p000448	a000156	0
256	p000448	a000156	53
257	p000448	a000221	68
258	p000448	a000221	106
259	p000448	a000221	144
260	p000448	a000221	248
261	p000448	a000221	283
262	p000448	a000792	47
263	p000448	a000986	78
264	p000448	a000986	103
265	p000448	a000986	182
266	p000448	a001082	77
267	p000448	a001147	26
268	p000448	a003002	0
269	p000448	a005129	28
270	p000448	a005129	75
271	p000448	a005129	115
272	p000448	a005728	55
273	p000448	a005746	26
274	p000448	a005857	118
275	p000448	a005857	154
276	p000448	a005857	173
277	p000448	a099999	12
278	p000449	a000170	4
279	p000449	a000198	0
280	p000449	a000198	88
281	p000449	a000198	192
282	p000449	a000208	55
283	p000449	a000208	98
284	p000449	a000208	112
285	p000449	a000208	119
286	p000449	a000208	120
287	p000449	a000208	154
288	p000449	a000208	181
289	p000449	a000208	200
290	p000449	a000208	238
291	p000449	a000208	246
292	p000449	a000224	0
293	p000449	a000224	98
294	p000449	a000224	149
295	p000449	a000792	8
296	p000449	a000978	0
297	p000449	a000978	168
298	p000449	a001082	81
299	p000449	a001224	49
300	p000449	a001225	4
301	p000449	a001398	49
302	p000449	a003002	34
303	p000449	a005710	55
304	p000449	a005746	4
305	p000449	a099999	0
306	p000450	a000046	8
307	p000450	a000046	31
308	p000450	a000046	59
309	p000450	a000046	105
310	p000450	a000046	137
311	p000450	a000046	170
312	p000450	a000198	0
313	p000450	a000198	67
314	p000450	a000198	126
315	p000450	a000208	59
316	p000450	a000208	72
317	p000450	a000208	100
318	p000450	a000208	121
319	p000450	a000208	177
320	p000450	a000208	202
321	p000450	a000208	229
322	p000450	a000208	244
323	p000450	a000208	288
324	p000450	a000208	302
325	p000450	a000208	338
326	p000450	a001082	143
327	p000450	a001398	61
328	p000450	a005135	45
329	p000450	a005869	1
330	p000450	a005869	28
331	p000450	a005869	97
332	p000450	a005869	139
333	p000450	a099999	20
334	p000451	a000055	0
335	p000451	a000055	46
336	p000451	a000055	81
337	p000451	a000061	73
338	p000451	a000071	28
339	p000451	a000071	53
340	p000451	a000076	66
341	p000451	a000076	92
342	p000451	a000076	111
343	p000451	a000076	134
344	p000451	a000076	160
345	p000451	a000108	17
346	p000451	a000108	51
347	p000451	a000108	66
348	p000451	a000108	108
349	p000451	a000198	86
350	p000451	a000793	187
351	p000451	a001082	97
352	p000451	a001362	54
353	p000451	a001398	1
354	p000451	a005672	29
355	p000451	a005672	83
356	p000451	a005746	2
357	p000451	a005869	32
358	p000451	a005869	85
359	p000451	a005869	95
360	p000451	a005869	118
361	p000451	a005869	130
362	p000452	a000046	18
363	p000452	a000046	71
364	p000452	a000198	7
365	p000452	a000198	78
366	p000452	a000198	126
367	p000452	a000208	49
368	p000452	a000208	157
369	p000452	a000208	192
370	p000452	a000208	293
371	p000452	a000208	363
372	p000452	a000208	397
373	p000452	a000209	59
374	p000452	a000209	104
375	p000452	a000209	167
376	p000452	a000209	296
377	p000452	a000209	325
378	p000452	a000209	386
379	p000452	a000978	54
380	p000452	a000978	168
381	p000452	a001082	30
382	p000452	a001082	82
383	p000452	a001082	156
384	p000452	a001224	4
385	p000452	a001398	7
386	p000452	a005240	42
387	p000452	a005672	7
388	p000452	a005672	116
389	p000452	a099999	1
390	p000453	a000046	0
391	p000453	a000046	80
392	p000453	a000069	45
393	p000453	a000071	33
394	p000453	a000071	75
395	p000453	a000071	146
396	p000453	a000108	0
397	p000453	a000158	57
398	p000453	a000158	92
399	p000453	a000158	158
400	p000453	a000158	188
401	p000453	a000170	16
402	p000453	a000198	60
403	p000453	a000209	78
404	p000453	a000209	136
405	p000453	a000209	241
406	p000453	a000209	291
407	p000453	a000279	97
408	p000453	a000279	229
409	p000453	a000279	278
410	p000453	a001224	5
411	p000453	a001244	11
412	p000453	a001398	54
413	p000453	a005238	69
414	p000453	a005672	12
415	p000453	a005710	4
416	p000453	a005746	13
417	p000453	a099999	34
418	p000454	a000046	0
419	p000454	a000046	35
420	p000454	a000046	85
421	p000454	a000047	20
422	p000454	a000047	67
423	p000454	a000047	76
424	p000454	a000055	0
425	p000454	a000055	29
426	p000454	a000055	64
427	p000454	a000055	75
428	p000454	a000061	59
429	p000454	a000072	50
430	p000454	a000072	62
431	p000454	a000072	90
432	p000454	a000075	0
433	p000454	a000075	92
434	p000454	a000224	133
435	p000454	a001082	12
436	p000454	a001082	89
437	p000454	a001134	0
438	p000454	a001134	25
439	p000454	a001134	109
440	p000454	a001134	176
441	p000454	a001134	187
442	p000454	a001134	226
443	p000454	a005710	49
444	p000454	a005746	0
445	p000454	a099999	47
446	p000455	a000031	2
447	p000455	a000050	68
448	p000455	a000064	131
449	p000455	a000064	265
450	p000455	a000064	291
451	p000455	a000071	108
452	p000455	a000071	343
453	p000455	a000071	358
454	p000455	a000073	17
455	p000455	a000073	99
456	p000455	a000209	99
457	p000455	a000209	206
458	p000455	a000209	224
459	p000455	a000209	266
460	p000455	a000209	278
461	p000455	a000211	46
462	p000455	a000211	68
463	p000455	a000986	77
464	p000455	a000986	219
465	p000455	a000986	243
466	p000455	a001083	80
467	p000455	a001083	88
468	p000455	a001083	116
469	p000455	a001083	124
470	p000455	a001083	137
471	p000455	a001233	43
472	p000455	a005731	97
473	p000455	a099999	1
474	p000456	a000030	45
475	p000456	a000031	7
476	p000456	a000064	70
477	p000456	a000064	189
478	p000456	a000065	25
479	p000456	a000065	41
480	p000456	a000069	14
481	p000456	a000069	40
482	p000456	a000073	32
483	p000456	a000073	85
484	p000456	a000076	0
485	p000456	a000076	39
486	p000456	a000076	50
487	p000456	a000076	64
488	p000456	a000076	82
489	p000456	a000076	136
490	p000456	a000209	87
491	p000456	a000209	127
492	p000456	a000209	227
493	p000456	a000209	265
494	p000456	a000793	87
495	p000456	a000986	92
496	p000456	a000986	113
497	p000456	a000986	209
498	p000456	a001244	47
499	p000456	a005240	17
500	p000456	a005770	48
501	p000456	a005869	62
502	p000457	a000019	45
503	p000457	a000030	62
504	p000457	a000031	10
505	p000457	a000065	19
506	p000457	a000065	94
507	p000457	a000065	148
508	p000457	a000073	68
509	p000457	a000076	138
510	p000457	a000076	320
511	p000457	a000192	42
512	p000457	a000192	74
513	p000457	a000192	118
514	p000457	a000213	3
515	p000457	a000213	53
516	p000457	a000216	97
517	p000457	a000216	153
518	p000457	a001134	82
519	p000457	a001134	108
520	p000457	a001233	0
521	p000457	a001238	36
522	p000457	a001244	11
523	p000457	a005371	124
524	p000457	a005371	211
525	p000457	a005770	0
526	p000457	a006002	0
527	p000457	a006002	35
528	p000457	a006007	57
529	p000457	a099999	32
530	p000458	a000019	44
531	p000458	a000031	56
532	p000458	a000040	148
533	p000458	a000065	68
534	p000458	a000065	102
535	p000458	a000072	24
536	p000458	a000072	69
537	p000458	a000074	142
538	p000458	a000074	207
539	p000458	a000182	55
540	p000458	a000194	23
541	p000458	a000207	95
542	p000458	a000207	132
543	p000458	a000207	201
544	p000458	a000207	263
545	p000458	a000211	37
546	p000458	a000211	59
547	p000458	a000214	130
548	p000458	a005129	90
549	p000458	a005129	133
550	p000458	a005129	222
551	p000458	a005696	8
552	p000458	a005828	25
553	p000458	a005828	26
554	p000458	a005828	35
555	p000458	a005828	60
556	p000458	a005828	85
557	p000458	a006007	106
558	p000459	a000011	51
559	p000459	a000019	63
560	p000459	a000040	34
561	p000459	a000040	89
562	p000459	a000069	19
563	p000459	a000069	74
564	p000459	a000069	115
565	p000459	a000072	131
566	p000459	a000072	179
567	p000459	a000072	188
568	p000459	a000072	191
569	p000459	a000072	208
570	p000459	a000072	240
571	p000459	a000073	105
572	p000459	a000110	44
573	p000459	a000212	0
574	p000459	a000212	35
575	p000459	a000212	248
576	p000459	a000214	83
577	p000459	a000218	7
578	p000459	a000218	8
579	p000459	a000218	69
580	p000459	a000218	280
581	p000459	a001237	39
582	p000459	a005238	11
583	p000459	a005611	78
584	p000459	a005696	57
585	p000459	a099999	0
586	p000460	a000011	0
587	p000460	a000029	9
588	p000460	a000031	74
589	p000460	a000063	180
590	p000460	a000063	220
591	p000460	a000063	263
592	p000460	a000063	301
593	p000460	a000064	58
594	p000460	a000064	150
595	p000460	a000064	213
596	p000460	a000065	55
597	p000460	a000065	70
598	p000460	a000065	96
599	p000460	a000072	114
600	p000460	a000073	0
601	p000460	a000073	49
602	p000460	a000182	0
603	p000460	a000212	51
604	p000460	a000212	108
605	p000460	a000214	1
606	p000460	a000214	77
607	p000460	a001237	0
608	p000460	a003010	38
609	p000460	a005238	0
610	p000460	a005371	157
611	p000460	a005672	0
612	p000460	a005828	34
613	p000460	a005828	60
614	p000461	a000029	45
615	p000461	a000030	0
616	p000461	a000064	9
617	p000461	a000064	69
618	p000461	a000064	163
619	p000461	a000069	48
620	p000461	a000072	0
621	p000461	a000072	97
622	p000461	a000073	63
623	p000461	a000073	83
624	p000461	a000182	45
625	p000461	a000192	3
626	p000461	a000192	25
627	p000461	a000207	75
628	p000461	a000212	96
629	p000461	a000212	123
630	p000461	a000214	0
631	p000461	a000216	52
632	p000461	a000216	53
633	p000461	a000216	60
634	p000461	a000216	61
635	p000461	a000216	72
636	p000461	a000216	107
637	p000461	a000218	201
638	p000461	a005121	0
639	p000461	a005121	177
640	p000461	a005371	14
641	p000461	a005672	0
642	p000462	a000019	54
643	p000462	a000029	33
644	p000462	a000030	3
645	p000462	a000040	42
646	p000462	a000040	83
647	p000462	a000063	19
648	p000462	a000063	55
649	p000462	a000063	142
650	p000462	a000069	41
651	p000462	a000069	138
652	p000462	a000073	68
653	p000462	a000073	126
654	p000462	a000073	161
655	p000462	a000074	111
656	p000462	a000182	9
657	p000462	a000211	13
658	p000462	a000212	157
659	p000462	a000212	214
660	p000462	a000212	231
661	p000462	a000214	61
662	p000462	a000214	103
663	p000462	a000218	256
664	p000462	a000218	274
665	p000462	a000226	110
666	p000462	a001237	33
667	p000462	a005341	51
668	p000462	a005371	52
669	p000462	a005371	104
670	p000463	a000039	29
671	p000463	a000039	103
672	p000463	a000039	159
673	p000463	a000040	31
674	p000463	a000040	72
675	p000463	a000062	8
676	p000463	a000091	0
677	p000463	a000091	84
678	p000463	a000143	46
679	p000463	a000143	78
680	p000463	a000143	93
681	p000463	a000143	120
682	p000463	a000215	51
683	p000463	a000215	159
684	p000463	a000215	189
685	p000463	a000215	191
686	p000463	a000215	210
687	p000463	a000221	140
688	p000463	a000221	153
689	p000463	a000221	184
690	p000463	a000226	66
691	p000463	a000701	9
692	p000463	a001026	50
693	p000463	a001231	8
694	p000463	a001232	13
695	p000463	a001237	23
696	p000463	a005341	53
697	p000463	a005730	112
698	p000464	a000014	39
699	p000464	a000040	8
700	p000464	a000040	89
701	p000464	a000040	128
702	p000464	a000109	45
703	p000464	a000159	129
704	p000464	a000159	158
705	p000464	a000207	32
706	p000464	a000207	216
707	p000464	a000215	94
708	p000464	a000218	50
709	p000464	a000218	284
710	p000464	a000221	93
711	p000464	a000221	191
712	p000464	a000221	258
713	p000464	a000221	309
714	p000464	a000226	77
715	p000464	a000790	101
716	p000464	a000790	157
717	p000464	a000988	58
718	p000464	a001231	41
719	p000464	a001232	16
720	p000464	a001237	6
721	p000464	a005730	36
722	p000464	a005730	50
723	p000464	a005730	61
724	p000464	a005730	62
725	p000464	a005730	78
726	p000465	a000012	0
727	p000465	a000032	45
728	p000465	a000145	40
729	p000465	a000145	81
730	p000465	a000145	110
731	p000465	a000156	85
732	p000465	a000159	18
733	p000465	a000159	33
734	p000465	a000197	51
735	p000465	a000326	70
736	p000465	a000326	145
737	p000465	a000326	176
738	p000465	a000326	382
739	p000465	a000701	48
740	p000465	a000701	80
741	p000465	a000701	126
742	p000465	a000792	70
743	p000465	a001072	0
744	p000465	a001134	25
745	p000465	a001134	235
746	p000465	a001134	268
747	p000465	a001225	47
748	p000465	a005008	60
749	p000465	a005008	107
750	p000465	a005008	144
751	p000465	a005243	154
752	p000465	a005855	116
753	p000465	a006000	0
754	p000466	a000039	37
755	p000466	a000039	61
756	p000466	a000039	119
757	p000466	a000149	0
758	p000466	a000152	50
759	p000466	a000152	123
760	p000466	a000152	137
761	p000466	a000154	26
762	p000466	a000154	89
763	p000466	a000155	7
764	p000466	a000155	37
765	p000466	a000205	96
766	p000466	a000213	0
767	p000466	a000213	45
768	p000466	a000221	60
769	p000466	a000221	106
770	p000466	a000221	117
771	p000466	a000221	118
772	p000466	a000221	119
773	p000466	a000221	120
774	p000466	a000221	162
775	p000466	a001134	6
776	p000466	a001134	107
777	p000466	a003011	35
778	p000466	a003012	0
779	p000466	a005316	2
780	p000466	a005823	64
781	p000466	a005823	79
782	p000467	a000032	55
783	p000467	a000049	58
784	p000467	a000110	40
785	p000467	a000156	0
786	p000467	a000215	0
787	p000467	a000215	118
788	p000467	a000215	134
789	p000467	a000215	199
790	p000467	a000215	248
791	p000467	a000223	46
792	p000467	a000701	163
793	p000467	a000701	225
794	p000467	a000701	254
795	p000467	a000792	58
796	p000467	a001134	0
797	p000467	a001134	38
798	p000467	a001134	193
799	p000467	a001134	199
800	p000467	a001134	216
801	p000467	a001225	2
802	p000467	a001236	5
803	p000467	a003010	23
804	p000467	a005008	0
805	p000467	a005008	40
806	p000467	a005008	136
807	p000467	a005008	211
808	p000467	a005008	332
809	p000467	a005135	64
810	p000468	a000036	51
811	p000468	a000039	41
812	p000468	a000060	0
813	p000468	a000060	10
814	p000468	a000060	29
815	p000468	a000060	40
816	p000468	a000060	87
817	p000468	a000060	109
818	p000468	a000110	35
819	p000468	a000156	0
820	p000468	a000213	68
821	p000468	a000213	96
822	p000468	a000395	183
823	p000468	a000701	35
824	p000468	a000701	87
825	p000468	a001225	25
826	p000468	a001235	5
827	p000468	a001235	43
828	p000468	a001236	31
829	p000468	a001362	6
830	p000468	a005008	10
831	p000468	a005008	50
832	p000468	a005008	79
833	p000468	a005121	48
834	p000468	a005135	38
835	p000468	a005354	25
836	p000468	a005730	48
837	p000468	a006002	101
838	p000469	a000026	0
839	p000469	a000026	67
840	p000469	a000032	0
841	p000469	a000041	38
842	p000469	a000041	58
843	p000469	a000056	36
844	p000469	a000056	60
845	p000469	a000110	66
846	p000469	a000156	96
847	p000469	a000156	130
848	p000469	a000215	49
849	p000469	a000215	70
850	p000469	a000221	17
851	p000469	a000221	69
852	p000469	a000221	112
853	p000469	a000221	187
854	p000469	a000221	222
855	p000469	a000221	255
856	p000469	a000701	78
857	p000469	a000701	223
858	p000469	a000701	246
859	p000469	a001236	76
860	p000469	a001362	27
861	p000469	a003010	7
862	p000469	a005008	49
863	p000469	a005008	112
864	p000469	a005008	122
865	p000469	a005730	121
866	p000470	a000012	10
867	p000470	a000026	34
868	p000470	a000032	39
869	p000470	a000047	11
870	p000470	a000047	33
871	p000470	a000047	74
872	p000470	a000047	86
873	p000470	a000056	36
874	p000470	a000091	0
875	p000470	a000091	90
876	p000470	a000145	42
877	p000470	a000145	71
878	p000470	a000145	86
879	p000470	a000209	87
880	p000470	a000209	144
881	p000470	a000209	206
882	p000470	a000209	270
883	p000470	a000213	45
884	p000470	a000213	150
885	p000470	a000215	46
886	p000470	a000223	96
887	p000470	a001225	3
888	p000470	a005672	46
889	p000470	a005728	97
890	p000470	a005770	0
891	p000470	a005829	36
892	p000470	a005829	81
893	p000470	a099999	0
894	p000471	a000012	6
895	p000471	a000014	44
896	p000471	a000032	0
897	p000471	a000047	0
898	p000471	a000047	67
899	p000471	a000047	78
900	p000471	a000110	107
901	p000471	a000145	0
902	p000471	a000145	94
903	p000471	a000145	129
904	p000471	a000195	0
905	p000471	a000210	10
906	p000471	a000210	33
907	p000471	a000213	40
908	p000471	a000213	170
909	p000471	a000225	0
910	p000471	a000326	85
911	p000471	a000326	219
912	p000471	a000326	263
913	p000471	a000395	92
914	p000471	a000790	48
915	p000471	a001225	0
916	p000471	a001241	83
917	p000471	a005354	24
918	p000471	a005731	58
919	p000471	a006002	61
920	p000471	a006002	87
921	p000471	a099999	13
922	p000472	a000012	0
923	p000472	a000014	38
924	p000472	a000026	26
925	p000472	a000032	0
926	p000472	a000047	61
927	p000472	a000056	36
928	p000472	a000060	50
929	p000472	a000060	88
930	p000472	a000110	77
931	p000472	a000143	36
932	p000472	a000143	126
933	p000472	a000143	148
934	p000472	a000145	37
935	p000472	a000210	47
936	p000472	a000213	117
937	p000472	a000215	54
938	p000472	a000223	90
939	p000472	a000228	49
940	p000472	a000228	86
941	p000472	a000792	120
942	p000472	a001225	9
943	p000472	a001234	51
944	p000472	a001238	0
945	p000472	a005121	0
946	p000472	a005354	1
947	p000472	a005672	90
948	p000472	a005855	87
949	p000472	a006000	25
950	p000473	a000047	64
951	p000473	a000047	77
952	p000473	a000060	0
953	p000473	a000060	56
954	p000473	a000091	0
955	p000473	a000091	108
956	p000473	a000145	51
957	p000473	a000145	93
958	p000473	a000210	64
959	p000473	a000326	93
960	p000473	a000326	194
961	p000473	a001238	5
962	p000473	a003002	0
963	p000473	a005008	37
964	p000473	a005008	123
965	p000473	a005008	144
966	p000473	a005121	73
967	p000473	a005121	109
968	p000473	a005129	5
969	p000473	a005129	37
970	p000473	a005129	45
971	p000473	a005129	60
972	p000473	a005129	82
973	p000473	a005243	31
974	p000473	a005711	35
975	p000473	a005711	118
976	p000473	a005770	0
977	p000473	a005829	67
978	p000474	a000012	28
979	p000474	a000041	89
980	p000474	a000063	73
981	p000474	a000070	64
982	p000474	a000070	119
983	p000474	a000070	199
984	p000474	a000091	72
985	p000474	a000091	175
986	p000474	a000225	139
987	p000474	a000395	171
988	p000474	a001231	0
989	p000474	a001241	0
990	p000474	a001241	112
991	p000474	a003010	28
992	p000474	a005121	48
993	p000474	a005121	88
994	p000474	a005341	21
995	p000474	a005710	48
996	p000474	a005728	6
997	p000474	a005728	56
998	p000474	a005770	13
999	p000474	a005829	1
1000	p000474	a005829	21
1001	p000474	a005829	33
1002	p000474	a005829	58
1003	p000474	a005829	92
1004	p000474	a005855	67
1005	p000474	a005855	112
1006	p000475	a000012	14
1007	p000475	a000014	30
1008	p000475	a000026	0
1009	p000475	a000047	69
1010	p000475	a000047	106
1011	p000475	a000063	215
1012	p000475	a000091	45
1013	p000475	a000091	72
1014	p000475	a000091	256
1015	p000475	a000091	355
1016	p000475	a000091	356
1017	p000475	a000210	49
1018	p000475	a000210	156
1019	p000475	a000993	45
1020	p000475	a001230	0
1021	p000475	a001238	26
1022	p000475	a001241	61
1023	p000475	a001244	7
1024	p000475	a003002	0
1025	p000475	a005243	116
1026	p000475	a005710	87
1027	p000475	a005711	78
1028	p000475	a005731	19
1029	p000475	a005770	29
1030	p000475	a005829	0
1031	p000475	a005829	42
1032	p000475	a005829	118
1033	p000475	a005855	36
1034	p000476	a000011	0
1035	p000476	a000012	28
1036	p000476	a000047	5
1037	p000476	a000047	14
1038	p000476	a000210	41
1039	p000476	a000218	153
1040	p000476	a000326	10
1041	p000476	a000326	113
1042	p000476	a000326	250
1043	p000476	a001238	36
1044	p000476	a001241	145
1045	p000476	a001241	146
1046	p000476	a001241	151
1047	p000476	a001241	167
1048	p000476	a001241	168
1049	p000476	a001241	174
1050	p000476	a005121	58
1051	p000476	a005243	69
1052	p000476	a005243	98
1053	p000476	a005710	0
1054	p000476	a005728	59
1055	p000476	a005828	35
1056	p000476	a005828	58
1057	p000476	a005828	72
1058	p000476	a005828	73
1059	p000476	a006001	16
1060	p000476	a006001	46
1061	p000476	a099999	3
1062	p000477	a000014	3
1063	p000477	a000029	16
1064	p000477	a000039	59
1065	p000477	a000039	70
1066	p000477	a000145	50
1067	p000477	a000145	90
1068	p000477	a000145	107
1069	p000477	a001230	35
1070	p000477	a001234	49
1071	p000477	a001241	0
1072	p000477	a003002	22
1073	p000477	a003010	37
1074	p000477	a005008	7
1075	p000477	a005008	24
1076	p000477	a005008	62
1077	p000477	a005008	114
1078	p000477	a005121	0
1079	p000477	a005121	111
1080	p000477	a005243	83
1081	p000477	a005243	180
1082	p000477	a005710	79
1083	p000477	a005711	103
1084	p000477	a005711	129
1085	p000477	a005731	33
1086	p000477	a005770	47
1087	p000477	a005855	40
1088	p000477	a005855	88
1089	p000477	a005855	150
1090	p000478	a000019	33
1091	p000478	a000031	41
1092	p000478	a000062	63
1093	p000478	a000064	58
1094	p000478	a000064	151
1095	p000478	a000072	29
1096	p000478	a000072	60
1097	p000478	a000076	22
1098	p000478	a000076	56
1099	p000478	a000076	292
1100	p000478	a000793	0
1101	p000478	a000992	23
1102	p000478	a000992	48
1103	p000478	a000992	95
1104	p000478	a000992	148
1105	p000478	a000992	176
1106	p000478	a001083	59
1107	p000478	a001083	96
1108	p000478	a001134	11
1109	p000478	a001134	48
1110	p000478	a001134	71
1111	p000478	a001134	86
1112	p000478	a001235	0
1113	p000478	a001362	35
1114	p000478	a003011	0
1115	p000478	a003011	89
1116	p000478	a005611	56
1117	p000478	a005672	15
1118	p000480	a000040	22
1119	p000480	a000040	63
1120	p000480	a000046	75
1121	p000480	a000056	71
1122	p000480	a000064	69
1123	p000480	a000064	159
1124	p000480	a000156	172
1125	p000480	a000185	10
1126	p000480	a000185	43
1127	p000480	a000185	62
1128	p000480	a000204	24
1129	p000480	a000204	25
1130	p000480	a000204	34
1131	p000480	a000204	35
1132	p000480	a000204	46
1133	p000480	a000204	74
1134	p000480	a000204	110
1135	p000480	a000986	94
1136	p000480	a000986	232
1137	p000480	a000992	63
1138	p000480	a000992	100
1139	p000480	a000992	163
1140	p000480	a000992	203
1141	p000480	a001134	101
1142	p000480	a001239	283
1143	p000480	a001362	27
1144	p000480	a005730	0
1145	p000480	a005751	59
1146	p000481	a000031	0
1147	p000481	a000041	47
1148	p000481	a000041	65
1149	p000481	a000046	35
1150	p000481	a000046	72
1151	p000481	a000056	65
1152	p000481	a000056	72
1153	p000481	a000156	23
1154	p000481	a000207	93
1155	p000481	a000207	149
1156	p000481	a000207	168
1157	p000481	a000207	196
1158	p000481	a000223	11
1159	p000481	a000793	65
1160	p000481	a000978	154
1161	p000481	a000992	5
1162	p000481	a000992	84
1163	p000481	a000992	138
1164	p000481	a000992	179
1165	p000481	a001134	6
1166	p000481	a001134	34
1167	p000481	a001134	102
1168	p000481	a001239	0
1169	p000481	a005129	67
1170	p000481	a005129	102
1171	p000481	a005129	118
1172	p000481	a005129	176
1173	p000481	a005696	80
1174	p000482	a000046	7
1175	p000482	a000046	80
1176	p000482	a000064	85
1177	p000482	a000064	177
1178	p000482	a000064	178
1179	p000482	a000064	185
1180	p000482	a000064	299
1181	p000482	a000074	45
1182	p000482	a000074	90
1183	p000482	a000207	73
1184	p000482	a000207	136
1185	p000482	a000207	249
1186	p000482	a000213	58
1187	p000482	a000213	107
1188	p000482	a000224	155
1189	p000482	a000793	129
1190	p000482	a000992	81
1191	p000482	a000992	116
1192	p000482	a000992	175
1193	p000482	a000992	230
1194	p000482	a001134	0
1195	p000482	a001134	117
1196	p000482	a001134	202
1197	p000482	a001362	17
1198	p000482	a003011	37
1199	p000482	a005672	44
1200	p000482	a005751	71
1201	p000482	a006000	7
1202	p000483	a000029	60
1203	p000483	a000072	25
1204	p000483	a000072	83
1205	p000483	a000075	231
1206	p000483	a000207	50
1207	p000483	a000207	103
1208	p000483	a000207	228
1209	p000483	a000214	66
1210	p000483	a000279	91
1211	p000483	a000279	195
1212	p000483	a000395	283
1213	p000483	a000978	112
1214	p000483	a000986	154
1215	p000483	a000986	190
1216	p000483	a000986	376
1217	p000483	a000988	23
1218	p000483	a000988	108
1219	p000483	a001082	84
1220	p000483	a001083	91
1221	p000483	a001083	148
1222	p000483	a003010	32
1223	p000483	a005341	14
1224	p000483	a005696	91
1225	p000483	a005828	44
1226	p000483	a005828	45
1227	p000483	a005828	65
1228	p000483	a005828	119
1229	p000483	a005869	89
1230	p000484	a000152	4
1231	p000484	a000152	33
1232	p000484	a000152	49
1233	p000484	a000152	99
1234	p000484	a000152	125
1235	p000484	a000152	176
1236	p000484	a000152	228
1237	p000484	a000157	92
1238	p000484	a000157	107
1239	p000484	a000160	37
1240	p000484	a000160	52
1241	p000484	a000160	66
1242	p000484	a000160	71
1243	p000484	a000160	87
1244	p000484	a000160	106
1245	p000484	a000205	0
1246	p000484	a000205	34
1247	p000484	a000205	63
1248	p000484	a000205	83
1249	p000484	a000205	125
1250	p000484	a000652	0
1251	p000484	a000652	86
1252	p000484	a000993	10
1253	p000484	a003010	30
1254	p000484	a005823	13
1255	p000484	a005823	62
1256	p000484	a006000	34
1257	p000486	a000029	0
1258	p000486	a000074	68
1259	p000486	a000074	99
1260	p000486	a000156	53
1261	p000486	a000156	85
1262	p000486	a000192	26
1263	p000486	a000192	47
1264	p000486	a000192	79
1265	p000486	a000207	219
1266	p000486	a000207	271
1267	p000486	a000207	305
1268	p000486	a000207	315
1269	p000486	a000214	29
1270	p000486	a000214	53
1271	p000486	a000214	99
1272	p000486	a000792	12
1273	p000486	a000793	83
1274	p000486	a000978	0
1275	p000486	a000986	52
1276	p000486	a000986	67
1277	p000486	a000986	162
1278	p000486	a000988	45
1279	p000486	a000988	98
1280	p000486	a001082	222
1281	p000486	a001236	27
1282	p000486	a005696	22
1283	p000486	a005828	38
1284	p000486	a005828	70
1285	p000487	a000041	39
1286	p000487	a000046	18
1287	p000487	a000046	28
1288	p000487	a000046	29
1289	p000487	a000076	66
1290	p000487	a000076	100
1291	p000487	a000076	229
1292	p000487	a000093	0
1293	p000487	a000109	11
1294	p000487	a000195	34
1295	p000487	a000212	10
1296	p000487	a000214	3
1297	p000487	a000214	29
1298	p000487	a000218	131
1299	p000487	a000226	49
1300	p000487	a000986	86
1301	p000487	a000986	212
1302	p000487	a001147	179
1303	p000487	a001230	44
1304	p000487	a001236	6
1305	p000487	a005135	0
1306	p000487	a005341	10
1307	p000487	a005828	7
1308	p000487	a005828	22
1309	p000487	a005828	49
1310	p000487	a005828	62
1311	p000487	a005828	63
1312	p000487	a005828	76
1313	p000488	a000040	50
1314	p000488	a000040	98
1315	p000488	a000065	27
1316	p000488	a000065	79
1317	p000488	a000065	120
1318	p000488	a000065	529
1319	p000488	a000065	597
1320	p000488	a000069	52
1321	p000488	a000069	169
1322	p000488	a000076	63
1323	p000488	a000076	126
1324	p000488	a000093	44
1325	p000488	a000109	53
1326	p000488	a000195	15
1327	p000488	a000208	188
1328	p000488	a000208	253
1329	p000488	a000211	53
1330	p000488	a000211	81
1331	p000488	a000701	268
1332	p000488	a000701	314
1333	p000488	a000701	350
1334	p000488	a001147	65
1335	p000488	a001230	30
1336	p000488	a001236	37
1337	p000488	a005070	62
1338	p000488	a005341	28
1339	p000488	a005828	0
1340	p000488	a005828	36
1341	p000489	a000031	32
1342	p000489	a000041	36
1343	p000489	a000041	51
1344	p000489	a000049	65
1345	p000489	a000075	0
1346	p000489	a000075	90
1347	p000489	a000093	38
1348	p000489	a000093	65
1349	p000489	a000108	51
1350	p000489	a000197	81
1351	p000489	a000198	54
1352	p000489	a000214	20
1353	p000489	a000214	35
1354	p000489	a000226	0
1355	p000489	a000226	251
1356	p000489	a000701	57
1357	p000489	a000701	106
1358	p000489	a001023	0
1359	p000489	a001026	26
1360	p000489	a001147	81
1361	p000489	a001147	215
1362	p000489	a001230	3
1363	p000489	a001236	17
1364	p000489	a005070	0
1365	p000489	a005611	0
1366	p000489	a005611	64
1367	p000489	a005746	34
1368	p000489	a099999	4
1369	p000490	a000032	37
1370	p000490	a000046	61
1371	p000490	a000055	17
1372	p000490	a000055	52
1373	p000490	a000065	11
1374	p000490	a000065	42
1375	p000490	a000065	98
1376	p000490	a000075	20
1377	p000490	a000093	29
1378	p000490	a000109	57
1379	p000490	a000192	82
1380	p000490	a000192	97
1381	p000490	a000195	3
1382	p000490	a000208	0
1383	p000490	a000208	60
1384	p000490	a000208	140
1385	p000490	a000208	206
1386	p000490	a000212	110
1387	p000490	a000218	108
1388	p000490	a000701	12
1389	p000490	a000701	56
1390	p000490	a000790	72
1391	p000490	a000986	77
1392	p000490	a000986	136
1393	p000490	a000986	187
1394	p000490	a001236	6
1395	p000490	a005135	44
1396	p000490	a006000	0
1397	p000491	a000040	39
1398	p000491	a000040	81
1399	p000491	a000065	20
1400	p000491	a000065	49
1401	p000491	a000065	106
1402	p000491	a000093	50
1403	p000491	a000093	97
1404	p000491	a000182	38
1405	p000491	a000210	34
1406	p000491	a000212	64
1407	p000491	a000221	94
1408	p000491	a000221	149
1409	p000491	a000221	258
1410	p000491	a000221	340
1411	p000491	a000701	63
1412	p000491	a000701	189
1413	p000491	a001026	42
1414	p000491	a001230	6
1415	p000491	a001237	36
1416	p000491	a001362	11
1417	p000491	a005135	18
1418	p000491	a005730	115
1419	p000491	a005746	45
1420	p000491	a005857	59
1421	p000491	a005857	90
1422	p000491	a005857	117
1423	p000491	a006000	14
1424	p000491	a099999	15
1425	p000492	a000031	21
1426	p000492	a000055	0
1427	p000492	a000055	45
1428	p000492	a000055	61
1429	p000492	a000055	88
1430	p000492	a000062	65
1431	p000492	a000063	76
1432	p000492	a000063	174
1433	p000492	a000063	203
1434	p000492	a000063	231
1435	p000492	a000093	111
1436	p000492	a000093	154
1437	p000492	a000212	58
1438	p000492	a000212	85
1439	p000492	a000212	116
1440	p000492	a000225	104
1441	p000492	a000226	88
1442	p000492	a000228	103
1443	p000492	a000228	156
1444	p000492	a000701	38
1445	p000492	a000701	66
1446	p000492	a001023	76
1447	p000492	a001082	56
1448	p000492	a001230	36
1449	p000492	a003002	26
1450	p000492	a005770	14
1451	p000492	a006000	33
1452	p000492	a099999	36
1453	p000493	a000064	83
1454	p000493	a000064	221
1455	p000493	a000071	31
1456	p000493	a000071	49
1457	p000493	a000093	147
1458	p000493	a000149	82
1459	p000493	a000149	95
1460	p000493	a000152	57
1461	p000493	a000152	88
1462	p000493	a000152	119
1463	p000493	a000155	14
1464	p000493	a000157	0
1465	p000493	a000160	65
1466	p000493	a000160	81
1467	p000493	a000160	122
1468	p000493	a000213	56
1469	p000493	a000893	33
1470	p000493	a000893	50
1471	p000493	a001134	0
1472	p000493	a001134	52
1473	p000493	a001134	68
1474	p000493	a003002	7
1475	p000493	a003012	76
1476	p000493	a005770	38
1477	p000493	a005823	49
1478	p000493	a005857	75
1479	p000493	a005857	136
1480	p000493	a005857	171
1481	p000494	a000036	45
1482	p000494	a000109	38
1483	p000494	a000109	100
1484	p000494	a000143	0
1485	p000494	a000143	22
1486	p000494	a000143	36
1487	p000494	a000143	61
1488	p000494	a000143	70
1489	p000494	a000143	98
1490	p000494	a000143	112
1491	p000494	a000143	135
1492	p000494	a000182	30
1493	p000494	a000213	61
1494	p000494	a000213	292
1495	p000494	a000213	351
1496	p000494	a000227	88
1497	p000494	a000227	115
1498	p000494	a000227	152
1499	p000494	a000701	76
1500	p000494	a000701	128
1501	p000494	a000790	49
1502	p000494	a001026	84
1503	p000494	a001082	107
1504	p000494	a001237	36
1505	p000494	a003010	0
1506	p000494	a005121	31
1507	p000494	a005135	28
1508	p000494	a099999	0
1509	p000495	a000014	46
1510	p000495	a000031	0
1511	p000495	a000040	4
1512	p000495	a000040	71
1513	p000495	a000040	99
1514	p000495	a000040	121
1515	p000495	a000040	134
1516	p000495	a000041	66
1517	p000495	a000041	115
1518	p000495	a000063	0
1519	p000495	a000063	70
1520	p000495	a000063	98
1521	p000495	a000063	209
1522	p000495	a000063	234
1523	p000495	a000093	42
1524	p000495	a000093	67
1525	p000495	a000197	61
1526	p000495	a000211	37
1527	p000495	a000211	65
1528	p000495	a000211	85
1529	p000495	a000225	94
1530	p000495	a001134	0
1531	p000495	a001134	51
1532	p000495	a001134	85
1533	p000495	a001224	50
1534	p000495	a001231	26
1535	p000495	a001237	28
1536	p000495	a001398	48
1537	p000496	a000041	24
1538	p000496	a000041	35
1539	p000496	a000041	60
1540	p000496	a000041	76
1541	p000496	a000046	50
1542	p000496	a000046	62
1543	p000496	a000048	43
1544	p000496	a000093	26
1545	p000496	a000093	65
1546	p000496	a000145	3
1547	p000496	a000145	33
1548	p000496	a000145	45
1549	p000496	a000145	72
1550	p000496	a000388	28
1551	p000496	a000388	58
1552	p000496	a000388	113
1553	p000496	a000793	68
1554	p000496	a001231	13
1555	p000496	a001362	3
1556	p000496	a001398	0
1557	p000496	a003010	19
1558	p000496	a005354	21
1559	p000496	a005611	90
1560	p000496	a005696	20
1561	p000496	a005855	2
1562	p000496	a005855	80
1563	p000496	a005855	92
1564	p000496	a099999	0
1565	p000497	a000030	0
1566	p000497	a000039	45
1567	p000497	a000046	63
1568	p000497	a000062	85
1569	p000497	a000063	140
1570	p000497	a000065	0
1571	p000497	a000065	43
1572	p000497	a000065	76
1573	p000497	a000070	95
1574	p000497	a000070	113
1575	p000497	a000070	114
1576	p000497	a000071	69
1577	p000497	a000076	43
1578	p000497	a000109	1
1579	p000497	a000145	143
1580	p000497	a000279	62
1581	p000497	a000790	101
1582	p000497	a001134	115
1583	p000497	a001134	142
1584	p000497	a001224	15
1585	p000497	a001232	14
1586	p000497	a005238	3
1587	p000497	a005240	18
1588	p000497	a005243	76
1589	p000497	a006000	50
1590	p000497	a006001	0
1591	p000497	a006001	29
1592	p000497	a006001	77
1593	p000498	a000062	132
1594	p000498	a000063	94
1595	p000498	a000063	226
1596	p000498	a000070	14
1597	p000498	a000070	102
1598	p000498	a000070	143
1599	p000498	a000071	80
1600	p000498	a000143	59
1601	p000498	a000143	97
1602	p000498	a000143	166
1603	p000498	a000158	49
1604	p000498	a000158	77
1605	p000498	a000158	131
1606	p000498	a000158	162
1607	p000498	a000211	31
1608	p000498	a000211	139
1609	p000498	a000221	165
1610	p000498	a000221	312
1611	p000498	a000388	87
1612	p000498	a000790	96
1613	p000498	a001398	0
1614	p000498	a003002	38
1615	p000498	a005243	151
1616	p000498	a005354	15
1617	p000498	a005731	92
1618	p000498	a005829	65
1619	p000498	a005829	85
1620	p000498	a006000	29
1621	p000499	a000063	66
1622	p000499	a000063	100
1623	p000499	a000063	187
1624	p000499	a000093	46
1625	p000499	a000158	54
1626	p000499	a000158	72
1627	p000499	a000158	101
1628	p000499	a000158	124
1629	p000499	a000211	43
1630	p000499	a000211	80
1631	p000499	a000215	21
1632	p000499	a000215	43
1633	p000499	a000216	101
1634	p000499	a000227	51
1635	p000499	a000790	6
1636	p000499	a001232	24
1637	p000499	a001233	28
1638	p000499	a001237	6
1639	p000499	a003010	39
1640	p000499	a005008	10
1641	p000499	a005008	84
1642	p000499	a005243	86
1643	p000499	a005711	40
1644	p000499	a005711	69
1645	p000499	a005746	26
1646	p000499	a005829	83
1647	p000499	a005829	94
1648	p000499	a099999	27
1649	p000502	a000041	33
1650	p000502	a000041	52
1651	p000502	a000041	65
1652	p000502	a000041	76
1653	p000502	a000041	89
1654	p000502	a000063	0
1655	p000502	a000063	60
1656	p000502	a000063	147
1657	p000502	a000063	170
1658	p000502	a000110	0
1659	p000502	a000110	37
1660	p000502	a000110	113
1661	p000502	a000182	2
1662	p000502	a000224	157
1663	p000502	a000395	44
1664	p000502	a000395	70
1665	p000502	a000395	206
1666	p000502	a000395	222
1667	p000502	a001083	34
1668	p000502	a001083	52
1669	p000502	a001083	75
1670	p000502	a001083	97
1671	p000502	a001083	112
1672	p000502	a001083	132
1673	p000502	a001234	38
1674	p000502	a001238	4
1675	p000502	a003002	2
1676	p000502	a099999	41
1677	p000503	a000029	29
1678	p000503	a000030	0
1679	p000503	a000062	25
1680	p000503	a000062	57
1681	p000503	a000064	0
1682	p000503	a000064	45
1683	p000503	a000064	93
1684	p000503	a000064	129
1685	p000503	a000110	0
1686	p000503	a000110	7
1687	p000503	a000110	53
1688	p000503	a000110	60
1689	p000503	a000110	74
1690	p000503	a000182	10
1691	p000503	a000224	1
1692	p000503	a000224	92
1693	p000503	a000228	0
1694	p000503	a000228	118
1695	p000503	a000993	40
1696	p000503	a001232	0
1697	p000503	a001234	45
1698	p000503	a001238	37
1699	p000503	a003011	0
1700	p000503	a005730	15
1701	p000503	a005730	57
1702	p000503	a005730	77
1703	p000503	a005730	146
1704	p000503	a099999	4
1705	p000504	a000036	27
1706	p000504	a000036	42
1707	p000504	a000036	56
1708	p000504	a000040	1
1709	p000504	a000040	43
1710	p000504	a000060	0
1711	p000504	a000060	21
1712	p000504	a000060	34
1713	p000504	a000060	75
1714	p000504	a000075	7
1715	p000504	a000075	40
1716	p000504	a000110	5
1717	p000504	a000110	18
1718	p000504	a000143	6
1719	p000504	a000143	55
1720	p000504	a000143	94
1721	p000504	a000143	123
1722	p000504	a000145	30
1723	p000504	a000145	65
1724	p000504	a000182	2
1725	p000504	a000224	0
1726	p000504	a001238	52
1727	p000504	a001244	30
1728	p000504	a003011	24
1729	p000504	a005243	49
1730	p000504	a005243	76
1731	p000504	a005728	30
1732	p000504	a099999	1
1733	p000505	a000040	35
1734	p000505	a000040	50
1735	p000505	a000040	103
1736	p000505	a000048	0
1737	p000505	a000048	103
1738	p000505	a000074	31
1739	p000505	a000074	52
1740	p000505	a000074	85
1741	p000505	a000075	18
1742	p000505	a000075	172
1743	p000505	a000076	0
1744	p000505	a000076	47
1745	p000505	a000076	86
1746	p000505	a000207	94
1747	p000505	a000207	129
1748	p000505	a000207	188
1749	p000505	a000207	209
1750	p000505	a000207	245
1751	p000505	a000224	44
1752	p000505	a000224	131
1753	p000505	a001244	1
1754	p000505	a005135	1
1755	p000505	a005316	31
1756	p000505	a005371	62
1757	p000505	a005371	151
1758	p000505	a005746	0
1759	p000505	a005770	30
1760	p000505	a005855	98
1761	p000506	a000040	44
1762	p000506	a000040	84
1763	p000506	a000040	96
1764	p000506	a000040	133
1765	p000506	a000048	36
1766	p000506	a000048	95
1767	p000506	a000048	144
1768	p000506	a000074	0
1769	p000506	a000074	36
1770	p000506	a001224	20
1771	p000506	a001239	56
1772	p000506	a001239	106
1773	p000506	a001239	233
1774	p000506	a001244	0
1775	p000506	a005238	23
1776	p000506	a005316	40
1777	p000506	a005341	0
1778	p000506	a005371	0
1779	p000506	a005371	49
1780	p000506	a005371	90
1781	p000506	a005672	16
1782	p000506	a005696	65
1783	p000506	a005728	100
1784	p000506	a005746	26
1785	p000506	a005770	16
1786	p000506	a005855	15
1787	p000506	a005855	61
1788	p000506	a006000	44
1789	p000507	a000040	84
1790	p000507	a000040	111
1791	p000507	a000061	30
1792	p000507	a000062	121
1793	p000507	a000062	161
1794	p000507	a000110	75
1795	p000507	a000143	49
1796	p000507	a000143	85
1797	p000507	a000143	106
1798	p000507	a000143	150
1799	p000507	a000143	187
1800	p000507	a000153	69
1801	p000507	a000153	95
1802	p000507	a000153	113
1803	p000507	a000154	46
1804	p000507	a000154	75
1805	p000507	a000155	28
1806	p000507	a000155	40
1807	p000507	a000205	139
1808	p000507	a000205	231
1809	p000507	a000213	44
1810	p000507	a000652	77
1811	p000507	a001026	4
1812	p000507	a003012	36
1813	p000507	a005823	53
1814	p000507	a005823	72
1815	p000507	a006000	30
1816	p000507	a099999	1
1817	p000508	a000014	13
1818	p000508	a000030	18
1819	p000508	a000039	44
1820	p000508	a000040	70
1821	p000508	a000040	106
1822	p000508	a000048	0
1823	p000508	a000050	0
1824	p000508	a000070	0
1825	p000508	a000070	58
1826	p000508	a000070	94
1827	p000508	a000070	118
1828	p000508	a000073	74
1829	p000508	a000073	98
1830	p000508	a000091	0
1831	p000508	a000091	123
1832	p000508	a000210	17
1833	p000508	a000215	0
1834	p000508	a000215	30
1835	p000508	a000992	0
1836	p000508	a000992	39
1837	p000508	a000992	52
1838	p000508	a000992	73
1839	p000508	a001244	53
1840	p000508	a005316	25
1841	p000508	a005354	13
1842	p000508	a005746	26
1843	p000508	a005770	55
1844	p000508	a005855	30
1845	p000509	a000014	0
1846	p000509	a000030	0
1847	p000509	a000036	37
1848	p000509	a000039	64
1849	p000509	a000046	0
1850	p000509	a000060	9
1851	p000509	a000060	10
1852	p000509	a000060	63
1853	p000509	a000060	90
1854	p000509	a000060	189
1855	p000509	a000073	58
1856	p000509	a000073	93
1857	p000509	a000093	0
1858	p000509	a000207	69
1859	p000509	a000207	150
1860	p000509	a000214	87
1861	p000509	a000215	129
1862	p000509	a000223	86
1863	p000509	a000993	17
1864	p000509	a001244	0
1865	p000509	a005121	22
1866	p000509	a005238	29
1867	p000509	a005316	10
1868	p000509	a005371	102
1869	p000509	a005672	90
1870	p000509	a005746	30
1871	p000509	a005855	104
1872	p000509	a099999	0
1873	p000510	a000014	14
1874	p000510	a000048	106
1875	p000510	a000050	90
1876	p000510	a000070	23
1877	p000510	a000070	73
1878	p000510	a000071	64
1879	p000510	a000071	101
1880	p000510	a000071	146
1881	p000510	a000073	73
1882	p000510	a000091	0
1883	p000510	a000091	40
1884	p000510	a000091	105
1885	p000510	a000207	85
1886	p000510	a000207	133
1887	p000510	a000207	155
1888	p000510	a000207	171
1889	p000510	a000215	36
1890	p000510	a001224	38
1891	p000510	a001239	97
1892	p000510	a001244	3
1893	p000510	a005121	0
1894	p000510	a005121	127
1895	p000510	a005354	0
1896	p000510	a005371	164
1897	p000510	a005672	73
1898	p000510	a005746	35
1899	p000510	a005770	0
1900	p000510	a005855	31
1901	p000512	a000014	34
1902	p000512	a000040	43
1903	p000512	a000040	94
1904	p000512	a000046	3
1905	p000512	a000046	26
1906	p000512	a000048	123
1907	p000512	a000050	0
1908	p000512	a000070	2
1909	p000512	a000070	53
1910	p000512	a000070	119
1911	p000512	a000207	36
1912	p000512	a000207	51
1913	p000512	a000207	108
1914	p000512	a000207	176
1915	p000512	a000207	195
1916	p000512	a000207	217
1917	p000512	a000211	57
1918	p000512	a000211	105
1919	p000512	a000212	31
1920	p000512	a000212	79
1921	p000512	a000215	56
1922	p000512	a000215	102
1923	p000512	a000225	49
1924	p000512	a005121	60
1925	p000512	a005121	90
1926	p000512	a005354	0
1927	p000512	a005371	140
1928	p000512	a005710	59
1929	p000513	a000048	101
1930	p000513	a000049	37
1931	p000513	a000050	40
1932	p000513	a000108	53
1933	p000513	a000207	76
1934	p000513	a000207	93
1935	p000513	a000207	94
1936	p000513	a000207	117
1937	p000513	a000207	146
1938	p000513	a000211	47
1939	p000513	a000215	27
1940	p000513	a001239	77
1941	p000513	a005121	9
1942	p000513	a005121	37
1943	p000513	a005121	47
1944	p000513	a005121	57
1945	p000513	a005121	66
1946	p000513	a005121	67
1947	p000513	a005316	0
1948	p000513	a005371	136
1949	p000513	a005711	72
1950	p000513	a005711	139
1951	p000513	a005731	113
1952	p000513	a005770	0
1953	p000513	a006002	47
1954	p000513	a006002	62
1955	p000513	a006002	63
1956	p000513	a006002	182
1957	p000514	a000076	2
1958	p000514	a000076	37
1959	p000514	a000076	63
1960	p000514	a000150	59
1961	p000514	a000150	69
1962	p000514	a000150	70
1963	p000514	a000150	79
1964	p000514	a000150	97
1965	p000514	a000153	60
1966	p000514	a000153	107
1967	p000514	a000153	123
1968	p000514	a000155	26
1969	p000514	a000155	66
1970	p000514	a000157	0
1971	p000514	a000157	114
1972	p000514	a000160	11
1973	p000514	a000160	97
1974	p000514	a000160	110
1975	p000514	a000160	111
1976	p000514	a000160	116
1977	p000514	a000160	120
1978	p000514	a000160	141
1979	p000514	a000160	162
1980	p000514	a000160	188
1981	p000514	a000652	0
1982	p000514	a000652	41
1983	p000514	a005823	9
1984	p000514	a005823	100
1985	p000517	a000049	53
1986	p000517	a000072	45
1987	p000517	a000072	57
1988	p000517	a000072	83
1989	p000517	a000075	0
1990	p000517	a000075	54
1991	p000517	a000075	165
1992	p000517	a000109	0
1993	p000517	a000109	48
1994	p000517	a000109	68
1995	p000517	a000109	84
1996	p000517	a000109	123
1997	p000517	a000109	149
1998	p000517	a000182	52
1999	p000517	a000197	43
2000	p000517	a000198	44
2001	p000517	a000212	38
2002	p000517	a000212	56
2003	p000517	a000212	99
2004	p000517	a000212	129
2005	p000517	a000226	87
2006	p000517	a000790	10
2007	p000517	a000790	73
2008	p000517	a001026	41
2009	p000517	a005371	52
2010	p000517	a005371	87
2011	p000517	a005371	173
2012	p000517	a005730	0
2013	p000518	a000019	12
2014	p000518	a000030	0
2015	p000518	a000046	39
2016	p000518	a000046	51
2017	p000518	a000075	0
2018	p000518	a000075	50
2019	p000518	a000182	38
2020	p000518	a000212	52
2021	p000518	a000212	72
2022	p000518	a000214	95
2023	p000518	a000214	118
2024	p000518	a000228	7
2025	p000518	a000228	53
2026	p000518	a000279	0
2027	p000518	a000279	62
2028	p000518	a000279	130
2029	p000518	a001026	50
2030	p000518	a005129	0
2031	p000518	a005129	25
2032	p000518	a005129	50
2033	p000518	a005129	65
2034	p000518	a005129	78
2035	p000518	a005129	91
2036	p000518	a005135	0
2037	p000518	a005341	26
2038	p000518	a005711	0
2039	p000518	a005711	49
2040	p000518	a099999	0
2041	p000519	a000019	0
2042	p000519	a000030	46
2043	p000519	a000040	73
2044	p000519	a000040	109
2045	p000519	a000073	36
2046	p000519	a000073	125
2047	p000519	a000075	46
2048	p000519	a000075	94
2049	p000519	a000182	39
2050	p000519	a000212	52
2051	p000519	a000212	69
2052	p000519	a000213	0
2053	p000519	a000213	109
2054	p000519	a000216	22
2055	p000519	a000216	48
2056	p000519	a000216	207
2057	p000519	a000216	257
2058	p000519	a000224	10
2059	p000519	a000224	136
2060	p000519	a000226	59
2061	p000519	a001026	0
2062	p000519	a001026	26
2063	p000519	a001026	78
2064	p000519	a001234	4
2065	p000519	a005730	111
2066	p000519	a006001	31
2067	p000519	a006001	75
2068	p000519	a099999	31
2069	p000521	a000019	23
2070	p000521	a000041	54
2071	p000521	a000041	79
2072	p000521	a000041	116
2073	p000521	a000182	26
2074	p000521	a000210	3
2075	p000521	a000210	31
2076	p000521	a000217	18
2077	p000521	a000217	19
2078	p000521	a000217	44
2079	p000521	a000217	55
2080	p000521	a000217	66
2081	p000521	a000217	86
2082	p000521	a000228	0
2083	p000521	a000228	46
2084	p000521	a000279	43
2085	p000521	a000279	113
2086	p000521	a005050	46
2087	p000521	a005050	165
2088	p000521	a005070	70
2089	p000521	a005121	0
2090	p000521	a005121	44
2091	p000521	a005696	13
2092	p000521	a005730	59
2093	p000521	a005857	11
2094	p000521	a005857	55
2095	p000521	a005857	84
2096	p000521	a099999	0
2097	p000522	a000019	15
2098	p000522	a000030	23
2099	p000522	a000041	56
2100	p000522	a000041	67
2101	p000522	a000041	91
2102	p000522	a000069	8
2103	p000522	a000069	35
2104	p000522	a000069	85
2105	p000522	a000072	0
2106	p000522	a000072	24
2107	p000522	a000072	70
2108	p000522	a000072	90
2109	p000522	a000182	5
2110	p000522	a000212	24
2111	p000522	a000212	65
2112	p000522	a000213	0
2113	p000522	a000213	21
2114	p000522	a000213	52
2115	p000522	a000213	310
2116	p000522	a000213	330
2117	p000522	a000224	40
2118	p000522	a000228	10
2119	p000522	a000228	57
2120	p000522	a001234	41
2121	p000522	a005316	0
2122	p000522	a005341	12
2123	p000522	a005728	0
2124	p000522	a099999	37
2125	p000524	a000014	10
2126	p000524	a000039	0
2127	p000524	a000039	131
2128	p000524	a000046	56
2129	p000524	a000046	67
2130	p000524	a000070	93
2131	p000524	a000070	103
2132	p000524	a000070	115
2133	p000524	a000070	116
2134	p000524	a000070	121
2135	p000524	a000070	125
2136	p000524	a000070	197
2137	p000524	a000074	98
2138	p000524	a000091	22
2139	p000524	a000213	21
2140	p000524	a000214	1
2141	p000524	a000214	50
2142	p000524	a000214	120
2143	p000524	a001234	11
2144	p000524	a001244	6
2145	p000524	a005121	60
2146	p000524	a005135	0
2147	p000524	a005240	0
2148	p000524	a005341	1
2149	p000524	a005672	56
2150	p000524	a005857	79
2151	p000524	a005857	151
2152	p000524	a006000	16
2153	p000525	a000014	32
2154	p000525	a000039	82
2155	p000525	a000069	8
2156	p000525	a000069	38
2157	p000525	a000069	158
2158	p000525	a000070	8
2159	p000525	a000070	48
2160	p000525	a000070	67
2161	p000525	a000072	18
2162	p000525	a000072	58
2163	p000525	a000072	97
2164	p000525	a000072	98
2165	p000525	a000091	7
2166	p000525	a000091	28
2167	p000525	a000091	60
2168	p000525	a000211	10
2169	p000525	a000211	36
2170	p000525	a000213	14
2171	p000525	a000214	100
2172	p000525	a000216	1
2173	p000525	a000216	78
2174	p000525	a000216	91
2175	p000525	a000216	137
2176	p000525	a000279	96
2177	p000525	a005070	15
2178	p000525	a005341	39
2179	p000525	a006000	5
2180	p000525	a099999	35
2181	p000526	a000032	5
2182	p000526	a000046	0
2183	p000526	a000046	35
2184	p000526	a000046	217
2185	p000526	a000149	94
2186	p000526	a000150	80
2187	p000526	a000152	54
2188	p000526	a000152	71
2189	p000526	a000152	79
2190	p000526	a000153	31
2191	p000526	a000154	41
2192	p000526	a000155	65
2193	p000526	a000156	0
2194	p000526	a000157	104
2195	p000526	a000205	0
2196	p000526	a000205	30
2197	p000526	a000205	31
2198	p000526	a000205	44
2199	p000526	a000205	84
2200	p000526	a000221	74
2201	p000526	a000221	124
2202	p000526	a000221	193
2203	p000526	a000221	245
2204	p000526	a000652	64
2205	p000526	a000793	85
2206	p000526	a003010	3
2207	p000526	a003012	11
2208	p000526	a005121	50
2209	p000527	a000014	12
2210	p000527	a000039	155
2211	p000527	a000046	17
2212	p000527	a000069	100
2213	p000527	a000069	145
2214	p000527	a000070	57
2215	p000527	a000070	80
2216	p000527	a000070	81
2217	p000527	a000070	93
2218	p000527	a000070	129
2219	p000527	a000072	47
2220	p000527	a000072	81
2221	p000527	a000074	69
2222	p000527	a000091	21
2223	p000527	a000091	191
2224	p000527	a000211	41
2225	p000527	a000226	212
2226	p000527	a000279	48
2227	p000527	a000279	118
2228	p000527	a005121	23
2229	p000527	a005121	88
2230	p000527	a005316	0
2231	p000527	a005341	33
2232	p000527	a005672	82
2233	p000527	a005711	0
2234	p000527	a005711	75
2235	p000527	a006000	0
2236	p000527	a099999	10
2237	p000528	a000036	0
2238	p000528	a000036	23
2239	p000528	a000039	8
2240	p000528	a000048	8
2241	p000528	a000048	40
2242	p000528	a000070	25
2243	p000528	a000070	43
2244	p000528	a000070	54
2245	p000528	a000070	64
2246	p000528	a000070	110
2247	p000528	a000070	127
2248	p000528	a000074	8
2249	p000528	a000074	45
2250	p000528	a000093	9
2251	p000528	a000093	40
2252	p000528	a000109	3
2253	p000528	a000195	0
2254	p000528	a000215	0
2255	p000528	a000215	64
2256	p000528	a000224	86
2257	p000528	a001026	0
2258	p000528	a001224	0
2259	p000528	a005070	29
2260	p000528	a005354	35
2261	p000528	a005696	68
2262	p000528	a005711	24
2263	p000528	a005711	88
2264	p000528	a006000	57
2265	p000529	a000039	0
2266	p000529	a000039	33
2267	p000529	a000060	0
2268	p000529	a000060	11
2269	p000529	a000060	17
2270	p000529	a000060	18
2271	p000529	a000060	41
2272	p000529	a000060	50
2273	p000529	a000060	72
2274	p000529	a000091	42
2275	p000529	a000091	68
2276	p000529	a000093	35
2277	p000529	a000093	67
2278	p000529	a000108	76
2279	p000529	a000108	115
2280	p000529	a000195	6
2281	p000529	a000214	0
2282	p000529	a000214	35
2283	p000529	a000225	104
2284	p000529	a001224	44
2285	p000529	a005135	23
2286	p000529	a005316	28
2287	p000529	a005354	34
2288	p000529	a005710	87
2289	p000529	a005711	15
2290	p000529	a005770	59
2291	p000529	a006000	16
2292	p000529	a099999	29
2293	p000530	a000040	68
2294	p000530	a000040	114
2295	p000530	a000046	11
2296	p000530	a000070	0
2297	p000530	a000070	17
2298	p000530	a000070	62
2299	p000530	a000070	105
2300	p000530	a000070	121
2301	p000530	a000093	0
2302	p000530	a000195	11
2303	p000530	a000213	94
2304	p000530	a000217	0
2305	p000530	a000217	17
2306	p000530	a000217	33
2307	p000530	a000217	34
2308	p000530	a000217	56
2309	p000530	a000217	59
2310	p000530	a000217	65
2311	p000530	a000217	70
2312	p000530	a000217	108
2313	p000530	a000217	175
2314	p000530	a000217	189
2315	p000530	a000279	94
2316	p000530	a005316	0
2317	p000530	a005341	16
2318	p000530	a005354	27
2319	p000530	a005711	65
2320	p000530	a006000	37
2321	p000531	a000032	8
2322	p000531	a000046	35
2323	p000531	a000143	0
2324	p000531	a000143	126
2325	p000531	a000143	157
2326	p000531	a000145	46
2327	p000531	a000145	85
2328	p000531	a000150	31
2329	p000531	a000152	8
2330	p000531	a000152	72
2331	p000531	a000153	11
2332	p000531	a000153	27
2333	p000531	a000153	84
2334	p000531	a000155	7
2335	p000531	a000155	37
2336	p000531	a000157	109
2337	p000531	a000160	81
2338	p000531	a000160	98
2339	p000531	a000197	46
2340	p000531	a000205	53
2341	p000531	a000205	140
2342	p000531	a000893	43
2343	p000531	a000893	51
2344	p000531	a000893	68
2345	p000531	a000893	132
2346	p000531	a003012	30
2347	p000531	a005823	27
2348	p000531	a005823	41
2349	p000532	a000036	0
2350	p000532	a000036	20
2351	p000532	a000049	15
2352	p000532	a000050	7
2353	p000532	a000093	81
2354	p000532	a000093	118
2355	p000532	a000108	0
2356	p000532	a000108	32
2357	p000532	a000108	52
2358	p000532	a000108	76
2359	p000532	a000108	104
2360	p000532	a000195	34
2361	p000532	a000198	39
2362	p000532	a000210	24
2363	p000532	a000210	57
2364	p000532	a000214	6
2365	p000532	a000214	32
2366	p000532	a000214	51
2367	p000532	a000214	77
2368	p000532	a001026	47
2369	p000532	a001224	2
2370	p000532	a001239	0
2371	p000532	a005711	56
2372	p000532	a005711	75
2373	p000532	a005746	0
2374	p000532	a005770	0
2375	p000532	a099999	36
2376	p000533	a000046	53
2377	p000533	a000070	81
2378	p000533	a000070	113
2379	p000533	a000070	149
2380	p000533	a000075	20
2381	p000533	a000091	8
2382	p000533	a000091	56
2383	p000533	a000091	74
2384	p000533	a000093	10
2385	p000533	a000093	42
2386	p000533	a000108	16
2387	p000533	a000211	29
2388	p000533	a000211	69
2389	p000533	a000212	9
2390	p000533	a000225	14
2391	p000533	a000225	34
2392	p000533	a000225	46
2393	p000533	a000225	47
2394	p000533	a000225	66
2395	p000533	a000225	125
2396	p000533	a001026	5
2397	p000533	a001224	11
2398	p000533	a005711	54
2399	p000533	a005711	81
2400	p000533	a005728	77
2401	p000533	a005770	11
2402	p000533	a006000	19
2403	p000533	a099999	11
2404	p000534	a000011	38
2405	p000534	a000012	1
2406	p000534	a000031	38
2407	p000534	a000047	81
2408	p000534	a000047	90
2409	p000534	a000061	94
2410	p000534	a000110	37
2411	p000534	a000110	71
2412	p000534	a000145	46
2413	p000534	a000145	88
2414	p000534	a000156	47
2415	p000534	a000158	101
2416	p000534	a000158	162
2417	p000534	a000158	214
2418	p000534	a000159	76
2419	p000534	a000159	108
2420	p000534	a000215	73
2421	p000534	a000701	152
2422	p000534	a000701	169
2423	p000534	a001134	39
2424	p000534	a001134	100
2425	p000534	a001230	27
2426	p000534	a001238	1
2427	p000534	a001398	2
2428	p000534	a005008	103
2429	p000534	a005008	151
2430	p000534	a005354	4
2431	p000534	a005731	23
2432	p000535	a000012	32
2433	p000535	a000031	0
2434	p000535	a000047	5
2435	p000535	a000047	13
2436	p000535	a000047	67
2437	p000535	a000047	73
2438	p000535	a000061	57
2439	p000535	a000063	68
2440	p000535	a000063	151
2441	p000535	a000110	68
2442	p000535	a000145	0
2443	p000535	a000145	34
2444	p000535	a000145	85
2445	p000535	a000210	80
2446	p000535	a000215	21
2447	p000535	a000215	45
2448	p000535	a000701	35
2449	p000535	a000701	97
2450	p000535	a000701	149
2451	p000535	a000792	44
2452	p000535	a000993	30
2453	p000535	a001026	50
2454	p000535	a001134	39
2455	p000535	a001134	50
2456	p000535	a001230	25
2457	p000535	a001241	95
2458	p000535	a001398	42
2459	p000535	a005746	39
2460	p000536	a000036	23
2461	p000536	a000040	19
2462	p000536	a000040	39
2463	p000536	a000040	92
2464	p000536	a000049	23
2465	p000536	a000049	77
2466	p000536	a000074	86
2467	p000536	a000074	107
2468	p000536	a000075	0
2469	p000536	a000075	64
2470	p000536	a000076	81
2471	p000536	a000076	99
2472	p000536	a000091	86
2473	p000536	a000091	113
2474	p000536	a000093	19
2475	p000536	a000093	57
2476	p000536	a000211	0
2477	p000536	a000211	32
2478	p000536	a000214	27
2479	p000536	a000214	56
2480	p000536	a000225	119
2481	p000536	a001026	35
2482	p000536	a001239	56
2483	p000536	a005316	13
2484	p000536	a005672	61
2485	p000536	a005746	0
2486	p000536	a005770	0
2487	p000536	a099999	30
2488	p000537	a000014	0
2489	p000537	a000040	70
2490	p000537	a000070	0
2491	p000537	a000070	70
2492	p000537	a000070	82
2493	p000537	a000070	83
2494	p000537	a000075	18
2495	p000537	a000091	27
2496	p000537	a000091	56
2497	p000537	a000093	57
2498	p000537	a000195	35
2499	p000537	a000210	237
2500	p000537	a000210	284
2501	p000537	a000211	76
2502	p000537	a000214	20
2503	p000537	a000214	59
2504	p000537	a000223	18
2505	p000537	a000223	67
2506	p000537	a000223	111
2507	p000537	a000223	112
2508	p000537	a000223	113
2509	p000537	a000223	149
2510	p000537	a001026	22
2511	p000537	a005121	5
2512	p000537	a005121	49
2513	p000537	a005316	62
2514	p000537	a005711	43
2515	p000537	a005746	29
2516	p000538	a000012	33
2517	p000538	a000019	40
2518	p000538	a000031	21
2519	p000538	a000110	15
2520	p000538	a000110	59
2521	p000538	a000145	120
2522	p000538	a000145	280
2523	p000538	a000145	307
2524	p000538	a000185	10
2525	p000538	a000185	46
2526	p000538	a000185	47
2527	p000538	a000185	84
2528	p000538	a000207	49
2529	p000538	a000207	134
2530	p000538	a000207	181
2531	p000538	a000208	122
2532	p000538	a000208	223
2533	p000538	a000212	305
2534	p000538	a000326	115
2535	p000538	a000701	133
2536	p000538	a000793	94
2537	p000538	a000986	76
2538	p000538	a000986	201
2539	p000538	a001082	94
2540	p000538	a001231	45
2541	p000538	a001233	0
2542	p000538	a003010	0
2543	p000538	a005828	121
2544	p000539	a000019	7
2545	p000539	a000039	61
2546	p000539	a000040	45
2547	p000539	a000040	78
2548	p000539	a000041	96
2549	p000539	a000048	45
2550	p000539	a000074	20
2551	p000539	a000074	97
2552	p000539	a000212	59
2553	p000539	a000212	70
2554	p000539	a000215	55
2555	p000539	a000215	72
2556	p000539	a000215	98
2557	p000539	a000224	49
2558	p000539	a000226	91
2559	p000539	a000228	72
2560	p000539	a000228	117
2561	p000539	a000279	113
2562	p000539	a000279	155
2563	p000539	a000790	36
2564	p000539	a000993	29
2565	p000539	a001026	0
2566	p000539	a005229	33
2567	p000539	a005229	86
2568	p000539	a005316	10
2569	p000539	a005316	43
2570	p000539	a005696	50
2571	p000539	a005855	97
2572	p000540	a000019	43
2573	p000540	a000031	0
2574	p000540	a000063	0
2575	p000540	a000063	110
2576	p000540	a000063	227
2577	p000540	a000216	87
2578	p000540	a000218	75
2579	p000540	a000218	296
2580	p000540	a000218	311
2581	p000540	a000701	63
2582	p000540	a000701	100
2583	p000540	a000701	119
2584	p000540	a000986	0
2585	p000540	a000986	219
2586	p000540	a000986	258
2587	p000540	a000986	309
2588	p000540	a000986	316
2589	p000540	a000988	20
2590	p000540	a000988	90
2591	p000540	a001237	41
2592	p000540	a001238	43
2593	p000540	a003010	4
2594	p000540	a005243	94
2595	p000540	a005243	261
2596	p000540	a005243	309
2597	p000540	a005857	51
2598	p000540	a005857	200
2599	p000540	a005857	343
2600	p000541	a000036	14
2601	p000541	a000048	44
2602	p000541	a000075	27
2603	p000541	a000182	40
2604	p000541	a000207	12
2605	p000541	a000207	43
2606	p000541	a000207	73
2607	p000541	a000207	114
2608	p000541	a000207	155
2609	p000541	a000212	16
2610	p000541	a000212	49
2611	p000541	a000215	3
2612	p000541	a000215	20
2613	p000541	a000215	34
2614	p000541	a000215	56
2615	p000541	a000216	5
2616	p000541	a000216	24
2617	p000541	a000216	34
2618	p000541	a000216	50
2619	p000541	a000228	45
2620	p000541	a000228	89
2621	p000541	a005354	17
2622	p000541	a005696	61
2623	p000541	a005857	47
2624	p000541	a005857	66
2625	p000541	a005857	95
2626	p000541	a005857	125
2627	p000541	a005857	136
2628	p000542	a000039	22
2629	p000542	a000039	107
2630	p000542	a000041	27
2631	p000542	a000041	73
2632	p000542	a000048	109
2633	p000542	a000075	9
2634	p000542	a000075	45
2635	p000542	a000075	102
2636	p000542	a000790	53
2637	p000542	a001244	57
2638	p000542	a005121	0
2639	p000542	a005121	23
2640	p000542	a005121	44
2641	p000542	a005121	70
2642	p000542	a005240	42
2643	p000542	a005696	59
2644	p000542	a005728	62
2645	p000542	a005731	0
2646	p000542	a005731	30
2647	p000542	a005731	49
2648	p000542	a005731	64
2649	p000542	a005731	96
2650	p000542	a005731	124
2651	p000542	a005855	19
2652	p000542	a005855	46
2653	p000542	a005855	102
2654	p000542	a005855	113
2655	p000542	a006000	39
2656	p000543	a000032	0
2657	p000543	a000149	100
2658	p000543	a000154	65
2659	p000543	a000155	51
2660	p000543	a000155	63
2661	p000543	a000204	0
2662	p000543	a000204	66
2663	p000543	a000204	67
2664	p000543	a000204	73
2665	p000543	a000204	80
2666	p000543	a000204	106
2667	p000543	a000205	46
2668	p000543	a000205	55
2669	p000543	a000205	67
2670	p000543	a000215	24
2671	p000543	a000215	47
2672	p000543	a000652	65
2673	p000543	a000652	86
2674	p000543	a000652	107
2675	p000543	a001134	28
2676	p000543	a001134	95
2677	p000543	a003012	2
2678	p000543	a005728	44
2679	p000543	a005728	68
2680	p000543	a005728	69
2681	p000543	a005728	81
2682	p000543	a005823	101
2683	p000543	a099999	1
2684	p000544	a000026	2
2685	p000544	a000032	4
2686	p000544	a000047	55
2687	p000544	a000047	84
2688	p000544	a000055	0
2689	p000544	a000055	23
2690	p000544	a000055	24
2691	p000544	a000055	36
2692	p000544	a000055	48
2693	p000544	a000055	58
2694	p000544	a000055	59
2695	p000544	a000055	71
2696	p000544	a000055	84
2697	p000544	a000064	147
2698	p000544	a000064	227
2699	p000544	a000109	98
2700	p000544	a000109	198
2701	p000544	a000156	141
2702	p000544	a000215	34
2703	p000544	a000215	86
2704	p000544	a000395	191
2705	p000544	a000701	52
2706	p000544	a000701	90
2707	p000544	a000986	172
2708	p000544	a001082	121
2709	p000544	a001083	37
2710	p000544	a001083	121
2711	p000544	a005855	83
2712	p000545	a000026	0
2713	p000545	a000032	57
2714	p000545	a000047	21
2715	p000545	a000047	38
2716	p000545	a000047	47
2717	p000545	a000047	70
2718	p000545	a000047	101
2719	p000545	a000158	41
2720	p000545	a000158	54
2721	p000545	a000158	64
2722	p000545	a000158	128
2723	p000545	a000158	138
2724	p000545	a000209	64
2725	p000545	a000209	116
2726	p000545	a000209	207
2727	p000545	a000213	1
2728	p000545	a000213	54
2729	p000545	a000215	74
2730	p000545	a000701	110
2731	p000545	a000988	37
2732	p000545	a000988	71
2733	p000545	a001023	74
2734	p000545	a001083	86
2735	p000545	a005008	35
2736	p000545	a005008	125
2737	p000545	a005770	32
2738	p000545	a006002	0
2739	p000545	a006002	79
2740	p000546	a000039	19
2741	p000546	a000039	125
2742	p000546	a000041	26
2743	p000546	a000049	25
2744	p000546	a000049	66
2745	p000546	a000069	15
2746	p000546	a000069	27
2747	p000546	a000069	56
2748	p000546	a000070	0
2749	p000546	a000070	45
2750	p000546	a000070	62
2751	p000546	a000108	0
2752	p000546	a000207	118
2753	p000546	a000207	165
2754	p000546	a000207	189
2755	p000546	a000207	233
2756	p000546	a001026	0
2757	p000546	a001224	15
2758	p000546	a001244	0
2759	p000546	a005121	26
2760	p000546	a005121	67
2761	p000546	a005121	112
2762	p000546	a005731	114
2763	p000546	a005746	0
2764	p000546	a006001	45
2765	p000546	a006001	91
2766	p000546	a006001	118
2767	p000546	a099999	35
2768	p000547	a000011	46
2769	p000547	a000091	80
2770	p000547	a000091	121
2771	p000547	a000145	39
2772	p000547	a000145	78
2773	p000547	a000194	31
2774	p000547	a000204	30
2775	p000547	a000204	66
2776	p000547	a000204	96
2777	p000547	a000204	124
2778	p000547	a000204	151
2779	p000547	a000213	70
2780	p000547	a000218	166
2781	p000547	a000221	88
2782	p000547	a000221	118
2783	p000547	a000221	152
2784	p000547	a000221	223
2785	p000547	a000221	269
2786	p000547	a000790	32
2787	p000547	a001072	97
2788	p000547	a001082	125
2789	p000547	a001225	19
2790	p000547	a001230	31
2791	p000547	a005070	15
2792	p000547	a005070	50
2793	p000547	a005730	103
2794	p000547	a005770	1
2795	p000547	a099999	5
2796	p000548	a000029	0
2797	p000548	a000030	0
2798	p000548	a000039	105
2799	p000548	a000039	154
2800	p000548	a000041	12
2801	p000548	a000041	140
2802	p000548	a000072	41
2803	p000548	a000072	86
2804	p000548	a000075	82
2805	p000548	a000075	123
2806	p000548	a000091	15
2807	p000548	a000091	47
2808	p000548	a000091	112
2809	p000548	a000108	0
2810	p000548	a000207	44
2811	p000548	a000207	88
2812	p000548	a000207	107
2813	p000548	a000207	150
2814	p000548	a000213	45
2815	p000548	a000213	66
2816	p000548	a000388	4
2817	p000548	a000388	34
2818	p000548	a005730	62
2819	p000548	a005770	2
2820	p000548	a005855	0
2821	p000548	a005855	63
2822	p000548	a005855	79
2823	p000548	a099999	4
2824	p000549	a000029	26
2825	p000549	a000070	48
2826	p000549	a000070	126
2827	p000549	a000070	169
2828	p000549	a000072	3
2829	p000549	a000072	71
2830	p000549	a000072	104
2831	p000549	a000091	27
2832	p000549	a000091	70
2833	p000549	a000091	90
2834	p000549	a000108	83
2835	p000549	a000182	0
2836	p000549	a000207	90
2837	p000549	a000207	133
2838	p000549	a000207	153
2839	p000549	a000207	186
2840	p000549	a000207	199
2841	p000549	a000207	210
2842	p000549	a000213	107
2843	p000549	a001234	11
2844	p000549	a001244	5
2845	p000549	a005135	0
2846	p000549	a005354	47
2847	p000549	a005371	38
2848	p000549	a005371	113
2849	p000549	a005696	99
2850	p000549	a005730	51
2851	p000549	a005770	18
2852	p000550	a000029	33
2853	p000550	a000041	78
2854	p000550	a000041	104
2855	p000550	a000070	28
2856	p000550	a000070	62
2857	p000550	a000070	79
2858	p000550	a000070	121
2859	p000550	a000072	10
2860	p000550	a000072	17
2861	p000550	a000072	18
2862	p000550	a000072	24
2863	p000550	a000072	62
2864	p000550	a000072	78
2865	p000550	a000072	110
2866	p000550	a001234	37
2867	p000550	a001244	68
2868	p000550	a005696	51
2869	p000550	a005728	18
2870	p000550	a005731	0
2871	p000550	a005731	25
2872	p000550	a005731	26
2873	p000550	a005731	47
2874	p000550	a006000	8
2875	p000550	a006001	1
2876	p000550	a006001	28
2877	p000550	a006001	66
2878	p000550	a099999	50
2879	p000551	a000026	28
2880	p000551	a000032	0
2881	p000551	a000047	70
2882	p000551	a000149	39
2883	p000551	a000149	71
2884	p000551	a000150	35
2885	p000551	a000150	44
2886	p000551	a000150	45
2887	p000551	a000153	110
2888	p000551	a000153	159
2889	p000551	a000154	49
2890	p000551	a000155	40
2891	p000551	a000155	85
2892	p000551	a000160	93
2893	p000551	a000160	118
2894	p000551	a000192	96
2895	p000551	a000192	128
2896	p000551	a000205	103
2897	p000551	a000205	121
2898	p000551	a000279	157
2899	p000551	a000279	188
2900	p000551	a000279	309
2901	p000551	a000395	432
2902	p000551	a001082	92
2903	p000551	a003010	0
2904	p000551	a003012	6
2905	p000551	a005823	37
2906	p000551	a005823	50
2907	p000552	a000019	7
2908	p000552	a000026	3
2909	p000552	a000039	37
2910	p000552	a000039	62
2911	p000552	a000047	31
2912	p000552	a000047	38
2913	p000552	a000047	91
2914	p000552	a000061	131
2915	p000552	a000145	81
2916	p000552	a000145	117
2917	p000552	a000194	0
2918	p000552	a000207	134
2919	p000552	a000207	194
2920	p000552	a000207	254
2921	p000552	a000213	78
2922	p000552	a000213	106
2923	p000552	a000228	73
2924	p000552	a000279	209
2925	p000552	a000986	176
2926	p000552	a001082	51
2927	p000552	a001083	44
2928	p000552	a001083	83
2929	p000552	a001235	36
2930	p000552	a001237	1
2931	p000552	a003011	0
2932	p000552	a005371	70
2933	p000552	a005371	143
2934	p000552	a099999	2
2935	p000553	a000039	45
2936	p000553	a000047	27
2937	p000553	a000047	68
2938	p000553	a000047	86
2939	p000553	a000055	0
2940	p000553	a000055	15
2941	p000553	a000055	82
2942	p000553	a000055	97
2943	p000553	a000061	56
2944	p000553	a000091	39
2945	p000553	a000091	67
2946	p000553	a000207	59
2947	p000553	a000207	108
2948	p000553	a000207	192
2949	p000553	a000207	228
2950	p000553	a000210	22
2951	p000553	a000213	40
2952	p000553	a000214	17
2953	p000553	a000279	22
2954	p000553	a000279	90
2955	p000553	a000988	52
2956	p000553	a001023	32
2957	p000553	a001134	96
2958	p000553	a001134	125
2959	p000553	a001237	22
2960	p000553	a003010	1
2961	p000553	a005008	12
2962	p000553	a005008	114
2963	p000554	a000036	31
2964	p000554	a000047	9
2965	p000554	a000047	46
2966	p000554	a000185	13
2967	p000554	a000185	25
2968	p000554	a000197	214
2969	p000554	a000213	45
2970	p000554	a000988	85
2971	p000554	a001082	115
2972	p000554	a001082	116
2973	p000554	a001082	129
2974	p000554	a001082	238
2975	p000554	a001082	239
2976	p000554	a001082	247
2977	p000554	a001082	250
2978	p000554	a001082	285
2979	p000554	a001134	2
2980	p000554	a001134	26
2981	p000554	a001134	77
2982	p000554	a001224	5
2983	p000554	a003010	41
2984	p000554	a003011	24
2985	p000554	a005008	8
2986	p000554	a005050	26
2987	p000554	a005050	63
2988	p000554	a005050	108
2989	p000554	a005869	79
2990	p000554	a005869	115
2991	p000555	a000047	88
2992	p000555	a000047	142
2993	p000555	a000061	175
2994	p000555	a000065	69
2995	p000555	a000065	128
2996	p000555	a000143	59
2997	p000555	a000158	160
2998	p000555	a000158	191
2999	p000555	a000158	257
3000	p000555	a000158	289
3001	p000555	a000208	60
3002	p000555	a000208	107
3003	p000555	a000208	225
3004	p000555	a000208	314
3005	p000555	a000209	74
3006	p000555	a000209	191
3007	p000555	a000326	129
3008	p000555	a000326	318
3009	p000555	a000326	435
3010	p000555	a000326	479
3011	p000555	a000326	520
3012	p000555	a000793	100
3013	p000555	a001225	0
3014	p000555	a001230	21
3015	p000555	a001231	7
3016	p000555	a001232	21
3017	p000555	a001233	12
3018	p000555	a005751	85
3019	p000556	a000048	1
3020	p000556	a000048	101
3021	p000556	a000048	120
3022	p000556	a000072	0
3023	p000556	a000072	23
3024	p000556	a000072	36
3025	p000556	a000072	82
3026	p000556	a000072	95
3027	p000556	a000074	28
3028	p000556	a000074	42
3029	p000556	a000074	203
3030	p000556	a000074	237
3031	p000556	a000182	0
3032	p000556	a000215	0
3033	p000556	a000215	56
3034	p000556	a000215	74
3035	p000556	a000993	54
3036	p000556	a001026	0
3037	p000556	a001026	42
3038	p000556	a001026	94
3039	p000556	a005121	28
3040	p000556	a005121	48
3041	p000556	a005121	80
3042	p000556	a005238	11
3043	p000556	a006000	0
3044	p000556	a006002	19
3045	p000556	a006002	78
3046	p000557	a000026	13
3047	p000557	a000031	0
3048	p000557	a000047	30
3049	p000557	a000047	73
3050	p000557	a000047	86
3051	p000557	a000056	84
3052	p000557	a000065	43
3053	p000557	a000065	74
3054	p000557	a000073	74
3055	p000557	a000073	99
3056	p000557	a000110	35
3057	p000557	a000208	91
3058	p000557	a000208	219
3059	p000557	a000209	58
3060	p000557	a000218	44
3061	p000557	a000395	85
3062	p000557	a000395	106
3063	p000557	a000395	178
3064	p000557	a000793	183
3065	p000557	a000988	79
3066	p000557	a001230	28
3067	p000557	a001231	0
3068	p000557	a001235	2
3069	p000557	a001362	52
3070	p000557	a005611	101
3071	p000557	a005828	63
3072	p000557	a005829	86
3073	p000557	a005869	60
3074	p000558	a000031	35
3075	p000558	a000056	37
3076	p000558	a000056	56
3077	p000558	a000143	0
3078	p000558	a000143	51
3079	p000558	a000143	73
3080	p000558	a000143	118
3081	p000558	a000152	35
3082	p000558	a000152	86
3083	p000558	a000152	95
3084	p000558	a000152	103
3085	p000558	a000155	0
3086	p000558	a000155	37
3087	p000558	a000155	54
3088	p000558	a000185	73
3089	p000558	a000185	87
3090	p000558	a000205	0
3091	p000558	a000395	170
3092	p000558	a000395	275
3093	p000558	a000793	40
3094	p000558	a000893	61
3095	p000558	a000893	71
3096	p000558	a000893	101
3097	p000558	a000893	117
3098	p000558	a005823	60
3099	p000558	a005823	74
3100	p000558	a005829	63
3101	p000558	a005829	78
3102	p000559	a000072	9
3103	p000559	a000072	45
3104	p000559	a000072	56
3105	p000559	a000072	82
3106	p000559	a000072	103
3107	p000559	a000074	47
3108	p000559	a000074	64
3109	p000559	a000074	101
3110	p000559	a000075	0
3111	p000559	a000075	16
3112	p000559	a000075	31
3113	p000559	a000093	14
3114	p000559	a000093	31
3115	p000559	a000093	58
3116	p000559	a000093	95
3117	p000559	a000182	45
3118	p000559	a000225	13
3119	p000559	a000225	61
3120	p000559	a000225	96
3121	p000559	a000225	110
3122	p000559	a000226	7
3123	p000559	a000226	25
3124	p000559	a000226	47
3125	p000559	a000226	64
3126	p000559	a000226	89
3127	p000559	a005341	8
3128	p000559	a099999	60
3129	p000560	a000019	46
3130	p000560	a000039	408
3131	p000560	a000048	111
3132	p000560	a000049	38
3133	p000560	a000050	29
3134	p000560	a000075	0
3135	p000560	a000075	65
3136	p000560	a000093	0
3137	p000560	a000093	78
3138	p000560	a000093	120
3139	p000560	a000210	204
3140	p000560	a000210	255
3141	p000560	a000216	22
3142	p000560	a000216	88
3143	p000560	a000216	104
3144	p000560	a000216	125
3145	p000560	a000225	330
3146	p000560	a000226	34
3147	p000560	a000226	48
3148	p000560	a000226	71
3149	p000560	a000226	96
3150	p000560	a000226	260
3151	p000560	a000228	16
3152	p000560	a005240	6
3153	p000560	a005341	7
3154	p000560	a006000	0
3155	p000560	a006001	0
3156	p000560	a006001	41
3157	p000561	a000074	53
3158	p000561	a000074	99
3159	p000561	a000093	37
3160	p000561	a000093	75
3161	p000561	a000215	22
3162	p000561	a000215	45
3163	p000561	a000215	56
3164	p000561	a000215	77
3165	p000561	a000215	96
3166	p000561	a000215	111
3167	p000561	a000216	37
3168	p000561	a000216	76
3169	p000561	a000216	113
3170	p000561	a000224	194
3171	p000561	a000224	231
3172	p000561	a000225	86
3173	p000561	a000226	26
3174	p000561	a000227	18
3175	p000561	a000227	40
3176	p000561	a000227	142
3177	p000561	a005229	0
3178	p000561	a006001	3
3179	p000561	a006001	4
3180	p000561	a006001	17
3181	p000561	a006001	34
3182	p000561	a006001	51
3183	p000561	a006001	64
3184	p000561	a099999	2
3185	p000563	a000031	45
3186	p000563	a000091	38
3187	p000563	a000091	52
3188	p000563	a000091	69
3189	p000563	a000091	134
3190	p000563	a000091	147
3191	p000563	a000091	154
3192	p000563	a000091	178
3193	p000563	a000156	56
3194	p000563	a000218	20
3195	p000563	a000218	51
3196	p000563	a000218	71
3197	p000563	a000218	223
3198	p000563	a000218	235
3199	p000563	a000218	243
3200	p000563	a000218	252
3201	p000563	a000793	0
3202	p000563	a001134	56
3203	p000563	a001134	81
3204	p000563	a001134	303
3205	p000563	a001230	19
3206	p000563	a003011	24
3207	p000563	a005008	32
3208	p000563	a005008	92
3209	p000563	a005121	26
3210	p000563	a005135	33
3211	p000563	a005828	44
3212	p000563	a005828	95
3213	p000564	a000062	63
3214	p000564	a000091	38
3215	p000564	a000091	105
3216	p000564	a000091	133
3217	p000564	a000156	85
3218	p000564	a000192	66
3219	p000564	a000192	133
3220	p000564	a000207	56
3221	p000564	a000207	92
3222	p000564	a000207	163
3223	p000564	a000207	201
3224	p000564	a000218	136
3225	p000564	a000218	155
3226	p000564	a000221	177
3227	p000564	a000790	10
3228	p000564	a000792	73
3229	p000564	a001230	0
3230	p000564	a005121	46
3231	p000564	a005121	93
3232	p000564	a005135	16
3233	p000564	a005243	0
3234	p000564	a005243	70
3235	p000564	a005243	110
3236	p000564	a005243	161
3237	p000564	a005730	122
3238	p000564	a005828	13
3239	p000564	a005828	71
3240	p000564	a099999	0
3241	p000565	a000073	0
3242	p000565	a000073	35
3243	p000565	a000073	57
3244	p000565	a000073	101
3245	p000565	a000091	19
3246	p000565	a000091	64
3247	p000565	a000091	77
3248	p000565	a000093	10
3249	p000565	a000093	81
3250	p000565	a000093	163
3251	p000565	a000170	21
3252	p000565	a000182	36
3253	p000565	a000207	1
3254	p000565	a000207	164
3255	p000565	a000207	175
3256	p000565	a000207	203
3257	p000565	a000207	250
3258	p000565	a000207	272
3259	p000565	a000207	327
3260	p000565	a000207	342
3261	p000565	a000207	377
3262	p000565	a000214	0
3263	p000565	a000214	27
3264	p000565	a000214	54
3265	p000565	a000225	31
3266	p000565	a000225	103
3267	p000565	a000225	153
3268	p000565	a000790	0
3269	p000566	a000046	3
3270	p000566	a000046	68
3271	p000566	a000046	81
3272	p000566	a000074	77
3273	p000566	a000074	112
3274	p000566	a000075	22
3275	p000566	a000093	48
3276	p000566	a000093	68
3277	p000566	a000093	89
3278	p000566	a000182	26
3279	p000566	a000213	26
3280	p000566	a000213	49
3281	p000566	a000225	103
3282	p000566	a005050	3
3283	p000566	a005050	35
3284	p000566	a005050	63
3285	p000566	a005050	70
3286	p000566	a005050	80
3287	p000566	a005050	106
3288	p000566	a005121	0
3289	p000566	a005121	35
3290	p000566	a005135	45
3291	p000566	a005730	34
3292	p000566	a005730	146
3293	p000566	a005731	37
3294	p000566	a005731	143
3295	p000566	a005746	13
3296	p000566	a099999	2
3297	p000567	a000036	53
3298	p000567	a000036	70
3299	p000567	a000040	56
3300	p000567	a000040	94
3301	p000567	a000060	32
3302	p000567	a000060	86
3303	p000567	a000070	15
3304	p000567	a000070	68
3305	p000567	a000070	111
3306	p000567	a000073	0
3307	p000567	a000073	22
3308	p000567	a000074	3
3309	p000567	a000195	32
3310	p000567	a000207	69
3311	p000567	a000207	121
3312	p000567	a000207	153
3313	p000567	a000214	83
3314	p000567	a000790	0
3315	p000567	a001234	50
3316	p000567	a005050	17
3317	p000567	a005050	34
3318	p000567	a005050	61
3319	p000567	a005711	38
3320	p000567	a005711	71
3321	p000567	a005730	62
3322	p000567	a006002	50
3323	p000567	a006002	73
3324	p000567	a099999	32
3325	p000568	a000040	0
3326	p000568	a000040	30
3327	p000568	a000040	41
3328	p000568	a000040	60
3329	p000568	a000046	37
3330	p000568	a000050	39
3331	p000568	a000073	3
3332	p000568	a000073	19
3333	p000568	a000073	68
3334	p000568	a000074	56
3335	p000568	a000074	204
3336	p000568	a000074	280
3337	p000568	a000075	24
3338	p000568	a000075	43
3339	p000568	a000075	82
3340	p000568	a000279	21
3341	p000568	a000279	65
3342	p000568	a000279	99
3343	p000568	a005121	0
3344	p000568	a005121	51
3345	p000568	a005121	63
3346	p000568	a005121	97
3347	p000568	a005731	24
3348	p000568	a006002	6
3349	p000568	a006002	26
3350	p000568	a006002	60
3351	p000568	a099999	1
3352	p000569	a000012	10
3353	p000569	a000012	61
3354	p000569	a000031	0
3355	p000569	a000032	16
3356	p000569	a000039	40
3357	p000569	a000039	69
3358	p000569	a000063	19
3359	p000569	a000063	105
3360	p000569	a000063	135
3361	p000569	a000207	4
3362	p000569	a000207	22
3363	p000569	a000207	55
3364	p000569	a000207	76
3365	p000569	a000207	92
3366	p000569	a000207	115
3367	p000569	a000207	131
3368	p000569	a000207	175
3369	p000569	a000207	205
3370	p000569	a000207	222
3371	p000569	a000207	264
3372	p000569	a001072	5
3373	p000569	a001082	79
3374	p000569	a001082	111
3375	p000569	a001230	0
3376	p000569	a001237	0
3377	p000569	a001362	0
3378	p000569	a099999	6
3379	p000570	a000069	1
3380	p000570	a000069	122
3381	p000570	a000070	54
3382	p000570	a000070	93
3383	p000570	a000072	0
3384	p000570	a000075	20
3385	p000570	a000182	0
3386	p000570	a000212	26
3387	p000570	a000212	71
3388	p000570	a000213	49
3389	p000570	a000225	155
3390	p000570	a000992	0
3391	p000570	a000992	59
3392	p000570	a000992	61
3393	p000570	a000992	68
3394	p000570	a000992	74
3395	p000570	a000992	75
3396	p000570	a000992	82
3397	p000570	a000992	88
3398	p000570	a000992	143
3399	p000570	a000992	198
3400	p000570	a001026	5
3401	p000570	a001234	27
3402	p000570	a005121	0
3403	p000570	a005135	34
3404	p000570	a005238	4
3405	p000570	a005354	42
3406	p000570	a005731	9
3407	p000571	a000019	43
3408	p000571	a000046	20
3409	p000571	a000046	76
3410	p000571	a000069	34
3411	p000571	a000069	101
3412	p000571	a000072	24
3413	p000571	a000072	79
3414	p000571	a000072	102
3415	p000571	a000073	4
3416	p000571	a000073	118
3417	p000571	a000074	76
3418	p000571	a000074	111
3419	p000571	a000182	1
3420	p000571	a000223	0
3421	p000571	a000223	99
3422	p000571	a000279	2
3423	p000571	a000279	103
3424	p000571	a000279	171
3425	p000571	a000790	24
3426	p000571	a000790	90
3427	p000571	a001026	23
3428	p000571	a001026	79
3429	p000571	a005121	97
3430	p000571	a005730	238
3431	p000571	a006002	0
3432	p000571	a006002	43
3433	p000571	a006002	67
3434	p000571	a099999	0
3435	p000572	a000029	41
3436	p000572	a000030	0
3437	p000572	a000040	4
3438	p000572	a000040	109
3439	p000572	a000040	153
3440	p000572	a000046	19
3441	p000572	a000046	54
3442	p000572	a000046	79
3443	p000572	a000046	85
3444	p000572	a000046	92
3445	p000572	a000046	169
3446	p000572	a000048	5
3447	p000572	a000069	48
3448	p000572	a000069	108
3449	p000572	a000072	33
3450	p000572	a000072	47
3451	p000572	a000072	94
3452	p000572	a000074	78
3453	p000572	a000074	117
3454	p000572	a000993	41
3455	p000572	a001244	24
3456	p000572	a005121	0
3457	p000572	a005121	34
3458	p000572	a005730	130
3459	p000572	a005731	35
3460	p000572	a006001	0
3461	p000572	a006001	127
3462	p000572	a099999	34
3463	p000573	a000036	22
3464	p000573	a000040	66
3465	p000573	a000040	103
3466	p000573	a000046	0
3467	p000573	a000060	2
3468	p000573	a000060	35
3469	p000573	a000060	46
3470	p000573	a000060	47
3471	p000573	a000060	51
3472	p000573	a000060	71
3473	p000573	a000060	90
3474	p000573	a000069	12
3475	p000573	a000069	60
3476	p000573	a000073	97
3477	p000573	a000182	0
3478	p000573	a000212	55
3479	p000573	a000215	0
3480	p000573	a000215	124
3481	p000573	a000216	34
3482	p000573	a000216	82
3483	p000573	a000225	49
3484	p000573	a001234	32
3485	p000573	a005135	42
3486	p000573	a005316	1
3487	p000573	a005711	38
3488	p000573	a005711	63
3489	p000573	a005731	87
3490	p000573	a099999	25
3491	p000574	a000029	37
3492	p000574	a000040	37
3493	p000574	a000040	51
3494	p000574	a000040	72
3495	p000574	a000073	35
3496	p000574	a000073	71
3497	p000574	a000075	0
3498	p000574	a000075	44
3499	p000574	a000093	13
3500	p000574	a000093	39
3501	p000574	a000093	59
3502	p000574	a000182	49
3503	p000574	a000213	0
3504	p000574	a000213	156
3505	p000574	a000279	53
3506	p000574	a000279	117
3507	p000574	a000790	46
3508	p000574	a001026	47
3509	p000574	a005121	0
3510	p000574	a005121	42
3511	p000574	a005135	50
3512	p000574	a005711	59
3513	p000574	a005711	94
3514	p000574	a006002	8
3515	p000574	a006002	44
3516	p000574	a006002	57
3517	p000574	a006002	80
3518	p000574	a099999	15
3519	p000575	a000012	0
3520	p000575	a000026	23
3521	p000575	a000031	0
3522	p000575	a000039	0
3523	p000575	a000039	47
3524	p000575	a000039	64
3525	p000575	a000064	6
3526	p000575	a000064	51
3527	p000575	a000064	160
3528	p000575	a000064	181
3529	p000575	a000065	0
3530	p000575	a000065	28
3531	p000575	a000065	49
3532	p000575	a000065	71
3533	p000575	a000065	85
3534	p000575	a000065	104
3535	p000575	a000073	26
3536	p000575	a000073	123
3537	p000575	a000073	149
3538	p000575	a000978	116
3539	p000575	a001225	35
3540	p000575	a005121	0
3541	p000575	a005121	47
3542	p000575	a005121	62
3543	p000575	a005243	0
3544	p000575	a005243	60
3545	p000575	a005243	121
3546	p000575	a099999	23
3547	p000577	a000039	129
3548	p000577	a000041	48
3549	p000577	a000060	3
3550	p000577	a000060	26
3551	p000577	a000060	52
3552	p000577	a000060	95
3553	p000577	a000060	159
3554	p000577	a000073	0
3555	p000577	a000073	37
3556	p000577	a000073	77
3557	p000577	a000182	40
3558	p000577	a000212	13
3559	p000577	a000212	48
3560	p000577	a000212	151
3561	p000577	a000790	35
3562	p000577	a000790	180
3563	p000577	a000790	209
3564	p000577	a005121	0
3565	p000577	a005121	67
3566	p000577	a005121	149
3567	p000577	a005129	1
3568	p000577	a005129	96
3569	p000577	a005129	143
3570	p000577	a005316	0
3571	p000577	a005316	42
3572	p000577	a005354	66
3573	p000577	a005710	116
3574	p000577	a099999	72
3575	p000578	a000012	0
3576	p000578	a000047	60
3577	p000578	a000047	79
3578	p000578	a000047	103
3579	p000578	a000047	113
3580	p000578	a000065	77
3581	p000578	a000065	105
3582	p000578	a000158	48
3583	p000578	a000158	72
3584	p000578	a000158	115
3585	p000578	a000158	132
3586	p000578	a000159	78
3587	p000578	a000218	143
3588	p000578	a000218	193
3589	p000578	a001072	0
3590	p000578	a001082	45
3591	p000578	a001083	51
3592	p000578	a001083	66
3593	p000578	a001083	97
3594	p000578	a001225	32
3595	p000578	a001230	24
3596	p000578	a001235	22
3597	p000578	a003011	13
3598	p000578	a005008	0
3599	p000578	a005008	136
3600	p000578	a005121	0
3601	p000578	a005121	44
3602	p000578	a005869	91
3603	p000579	a000019	1
3604	p000579	a000041	39
3605	p000579	a000048	43
3606	p000579	a000060	15
3607	p000579	a000060	22
3608	p000579	a000060	24
3609	p000579	a000060	28
3610	p000579	a000060	29
3611	p000579	a000060	40
3612	p000579	a000060	65
3613	p000579	a000073	0
3614	p000579	a000073	77
3615	p000579	a000076	32
3616	p000579	a000076	66
3617	p000579	a000210	0
3618	p000579	a000210	42
3619	p000579	a000214	68
3620	p000579	a000226	64
3621	p000579	a000992	0
3622	p000579	a000992	13
3623	p000579	a000992	107
3624	p000579	a000992	199
3625	p000579	a005070	45
3626	p000579	a005240	1
3627	p000579	a005371	25
3628	p000579	a005371	96
3629	p000579	a005746	0
3630	p000579	a005770	18
3631	p000580	a000019	32
3632	p000580	a000041	66
3633	p000580	a000047	16
3634	p000580	a000047	34
3635	p000580	a000047	79
3636	p000580	a000056	41
3637	p000580	a000065	33
3638	p000580	a000065	45
3639	p000580	a000065	65
3640	p000580	a000065	78
3641	p000580	a000208	93
3642	p000580	a000208	154
3643	p000580	a000208	197
3644	p000580	a000208	208
3645	p000580	a000208	209
3646	p000580	a000208	220
3647	p000580	a000208	221
3648	p000580	a000208	235
3649	p000580	a000212	52
3650	p000580	a000212	101
3651	p000580	a000701	55
3652	p000580	a000701	112
3653	p000580	a000978	120
3654	p000580	a001134	2
3655	p000580	a001134	109
3656	p000580	a001134	120
3657	p000580	a003010	12
3658	p000580	a005731	65
3659	p000581	a000011	0
3660	p000581	a000063	92
3661	p000581	a000063	181
3662	p000581	a000065	75
3663	p000581	a000065	108
3664	p000581	a000143	0
3665	p000581	a000143	54
3666	p000581	a000143	134
3667	p000581	a000152	56
3668	p000581	a000152	67
3669	p000581	a000152	78
3670	p000581	a000152	90
3671	p000581	a000152	108
3672	p000581	a000152	114
3673	p000581	a000155	79
3674	p000581	a000185	29
3675	p000581	a000185	37
3676	p000581	a000185	55
3677	p000581	a000185	63
3678	p000581	a000185	64
3679	p000581	a000185	73
3680	p000581	a000185	90
3681	p000581	a000185	108
3682	p000581	a000218	245
3683	p000581	a005008	26
3684	p000581	a005008	52
3685	p000581	a005008	117
3686	p000581	a005823	45
3687	p000582	a000041	16
3688	p000582	a000041	116
3689	p000582	a000048	51
3690	p000582	a000069	1
3691	p000582	a000069	68
3692	p000582	a000069	112
3693	p000582	a000076	22
3694	p000582	a000076	58
3695	p000582	a000076	59
3696	p000582	a000076	65
3697	p000582	a000076	93
3698	p000582	a000091	21
3699	p000582	a000091	62
3700	p000582	a000091	96
3701	p000582	a000207	6
3702	p000582	a000207	43
3703	p000582	a000207	117
3704	p000582	a000207	141
3705	p000582	a000993	20
3706	p000582	a005371	51
3707	p000582	a005371	122
3708	p000582	a005672	44
3709	p000582	a005730	96
3710	p000582	a005857	34
3711	p000582	a005857	49
3712	p000582	a005857	78
3713	p000582	a005857	107
3714	p000582	a099999	41
3715	p000584	a000019	4
3716	p000584	a000048	0
3717	p000584	a000048	47
3718	p000584	a000069	90
3719	p000584	a000070	23
3720	p000584	a000070	73
3721	p000584	a000073	17
3722	p000584	a000076	19
3723	p000584	a000076	73
3724	p000584	a000076	80
3725	p000584	a000076	81
3726	p000584	a000076	83
3727	p000584	a000076	110
3728	p000584	a000076	127
3729	p000584	a000076	156
3730	p000584	a000211	95
3731	p000584	a000211	133
3732	p000584	a000215	97
3733	p000584	a000215	157
3734	p000584	a000226	179
3735	p000584	a000992	109
3736	p000584	a000992	139
3737	p000584	a000992	153
3738	p000584	a000992	223
3739	p000584	a000992	262
3740	p000584	a000992	269
3741	p000584	a005121	81
3742	p000584	a005121	99
3743	p000585	a000060	63
3744	p000585	a000060	117
3745	p000585	a000076	42
3746	p000585	a000076	101
3747	p000585	a000091	94
3748	p000585	a000091	139
3749	p000585	a000207	0
3750	p000585	a000207	122
3751	p000585	a000207	123
3752	p000585	a000207	131
3753	p000585	a000207	141
3754	p000585	a000207	149
3755	p000585	a000207	153
3756	p000585	a000207	234
3757	p000585	a000211	76
3758	p000585	a000213	72
3759	p000585	a000225	151
3760	p000585	a000225	153
3761	p000585	a000225	154
3762	p000585	a000226	178
3763	p000585	a000388	93
3764	p000585	a000388	158
3765	p000585	a001026	112
3766	p000585	a005050	22
3767	p000585	a005050	126
3768	p000585	a005135	0
3769	p000585	a005354	27
3770	p000585	a005354	28
3771	p000586	a000011	0
3772	p000586	a000011	59
3773	p000586	a000153	48
3774	p000586	a000153	106
3775	p000586	a000153	149
3776	p000586	a000154	23
3777	p000586	a000155	20
3778	p000586	a000155	36
3779	p000586	a000159	0
3780	p000586	a000159	12
3781	p000586	a000204	4
3782	p000586	a000204	5
3783	p000586	a000204	60
3784	p000586	a000204	65
3785	p000586	a000204	71
3786	p000586	a000204	78
3787	p000586	a000204	79
3788	p000586	a000204	85
3789	p000586	a000204	119
3790	p000586	a000204	126
3791	p000586	a000204	137
3792	p000586	a000205	19
3793	p000586	a000988	42
3794	p000586	a001134	9
3795	p000586	a001147	207
3796	p000586	a003012	0
3797	p000586	a005823	9
3798	p000586	a005823	55
3799	p000587	a000039	58
3800	p000587	a000039	74
3801	p000587	a000040	26
3802	p000587	a000040	63
3803	p000587	a000040	78
3804	p000587	a000041	50
3805	p000587	a000091	0
3806	p000587	a000091	16
3807	p000587	a000091	64
3808	p000587	a000091	100
3809	p000587	a000226	0
3810	p000587	a000992	0
3811	p000587	a000992	38
3812	p000587	a000992	47
3813	p000587	a000992	57
3814	p000587	a000992	91
3815	p000587	a000992	115
3816	p000587	a000992	137
3817	p000587	a005121	34
3818	p000587	a005121	52
3819	p000587	a005121	93
3820	p000587	a005730	52
3821	p000587	a005855	25
3822	p000587	a005855	65
3823	p000587	a005855	127
3824	p000587	a005857	32
3825	p000587	a005857	62
3826	p000587	a005857	75
3827	p000588	a000182	31
3828	p000588	a000207	57
3829	p000588	a000207	94
3830	p000588	a000207	109
3831	p000588	a000207	136
3832	p000588	a000207	186
3833	p000588	a000207	197
3834	p000588	a000217	11
3835	p000588	a000217	22
3836	p000588	a000217	55
3837	p000588	a000217	72
3838	p000588	a000217	81
3839	p000588	a000217	103
3840	p000588	a005121	93
3841	p000588	a005121	117
3842	p000588	a005770	0
3843	p000588	a005857	0
3844	p000588	a005857	37
3845	p000588	a005857	94
3846	p000588	a005857	113
3847	p000588	a005857	143
3848	p000588	a006002	1
3849	p000588	a006002	52
3850	p000588	a006002	79
3851	p000588	a006002	89
3852	p000588	a006002	96
3853	p000588	a006002	97
3854	p000589	a000014	0
3855	p000589	a000039	26
3856	p000589	a000039	78
3857	p000589	a000039	145
3858	p000589	a000076	21
3859	p000589	a000076	63
3860	p000589	a000076	109
3861	p000589	a000076	135
3862	p000589	a000076	222
3863	p000589	a000091	0
3864	p000589	a000091	58
3865	p000589	a000091	75
3866	p000589	a000109	0
3867	p000589	a000109	57
3868	p000589	a000109	89
3869	p000589	a000207	70
3870	p000589	a000207	131
3871	p000589	a000207	150
3872	p000589	a000207	203
3873	p000589	a000207	231
3874	p000589	a000207	275
3875	p000589	a000226	149
3876	p000589	a005711	29
3877	p000589	a005711	91
3878	p000589	a005711	115
3879	p000589	a005711	166
3880	p000589	a005770	4
3881	p000589	a099999	2
3882	p000590	a000011	10
3883	p000590	a000012	0
3884	p000590	a000071	285
3885	p000590	a000071	305
3886	p000590	a000209	93
3887	p000590	a000209	106
3888	p000590	a000209	218
3889	p000590	a000221	83
3890	p000590	a000221	96
3891	p000590	a000221	114
3892	p000590	a000221	149
3893	p000590	a000221	219
3894	p000590	a000221	233
3895	p000590	a000326	51
3896	p000590	a000326	81
3897	p000590	a000326	99
3898	p000590	a000326	222
3899	p000590	a000326	244
3900	p000590	a001072	7
3901	p000590	a001134	36
3902	p000590	a001134	78
3903	p000590	a001235	14
3904	p000590	a003010	0
3905	p000590	a003011	22
3906	p000590	a005243	221
3907	p000590	a005243	350
3908	p000590	a005751	5
3909	p000590	a005751	66
3910	p000591	a000030	42
3911	p000591	a000036	43
3912	p000591	a000036	75
3913	p000591	a000041	74
3914	p000591	a000091	27
3915	p000591	a000091	39
3916	p000591	a000091	56
3917	p000591	a000091	98
3918	p000591	a000214	52
3919	p000591	a000214	107
3920	p000591	a000215	36
3921	p000591	a000215	60
3922	p000591	a000215	88
3923	p000591	a000790	0
3924	p000591	a000790	83
3925	p000591	a001239	39
3926	p000591	a005135	21
3927	p000591	a005354	0
3928	p000591	a005728	45
3929	p000591	a005770	38
3930	p000591	a006002	28
3931	p000591	a006002	44
3932	p000591	a006002	62
3933	p000591	a006002	78
3934	p000591	a006002	79
3935	p000591	a006007	53
3936	p000591	a006007	86
3937	p000591	a099999	0
3938	p000592	a000011	49
3939	p000592	a000012	62
3940	p000592	a000031	34
3941	p000592	a000032	4
3942	p000592	a000047	31
3943	p000592	a000047	68
3944	p000592	a000076	90
3945	p000592	a000076	127
3946	p000592	a000076	147
3947	p000592	a000110	57
3948	p000592	a000110	65
3949	p000592	a000159	42
3950	p000592	a000159	56
3951	p000592	a000159	106
3952	p000592	a000194	52
3953	p000592	a000209	80
3954	p000592	a000209	122
3955	p000592	a000209	227
3956	p000592	a000978	95
3957	p000592	a001082	64
3958	p000592	a001134	183
3959	p000592	a001134	195
3960	p000592	a001231	20
3961	p000592	a001238	5
3962	p000592	a005129	110
3963	p000592	a005243	148
3964	p000592	a005611	29
3965	p000592	a099999	37
3966	p000593	a000074	82
3967	p000593	a000074	105
3968	p000593	a000074	125
3969	p000593	a000075	0
3970	p000593	a000075	47
3971	p000593	a000075	111
3972	p000593	a000214	0
3973	p000593	a000214	61
3974	p000593	a000214	74
3975	p000593	a000214	80
3976	p000593	a000214	87
3977	p000593	a000214	115
3978	p000593	a000227	12
3979	p000593	a000227	43
3980	p000593	a000227	57
3981	p000593	a000227	76
3982	p000593	a000227	127
3983	p000593	a000228	4
3984	p000593	a000228	57
3985	p000593	a000228	71
3986	p000593	a000228	85
3987	p000593	a000790	12
3988	p000593	a000790	46
3989	p000593	a000790	101
3990	p000593	a001026	26
3991	p000593	a001239	45
3992	p000593	a099999	3
3993	p000594	a000012	7
3994	p000594	a000031	0
3995	p000594	a000047	23
3996	p000594	a000047	59
3997	p000594	a000047	78
3998	p000594	a000110	23
3999	p000594	a000159	0
4000	p000594	a000159	67
4001	p000594	a000192	8
4002	p000594	a000192	66
4003	p000594	a000204	1
4004	p000594	a000204	22
4005	p000594	a000204	30
4006	p000594	a000204	55
4007	p000594	a000204	66
4008	p000594	a000792	78
4009	p000594	a001023	44
4010	p000594	a001083	70
4011	p000594	a001083	89
4012	p000594	a001083	146
4013	p000594	a001134	48
4014	p000594	a001134	218
4015	p000594	a001230	32
4016	p000594	a001231	0
4017	p000594	a001238	10
4018	p000594	a001398	40
4019	p000594	a005869	33
4020	p000594	a005869	59
4021	p000595	a000011	6
4022	p000595	a000047	57
4023	p000595	a000047	138
4024	p000595	a000064	76
4025	p000595	a000064	164
4026	p000595	a000065	36
4027	p000595	a000065	85
4028	p000595	a000076	145
4029	p000595	a000076	187
4030	p000595	a000156	46
4031	p000595	a000158	35
4032	p000595	a000158	59
4033	p000595	a000158	83
4034	p000595	a000158	170
4035	p000595	a000158	192
4036	p000595	a000208	66
4037	p000595	a000208	154
4038	p000595	a000208	192
4039	p000595	a001083	50
4040	p000595	a001083	116
4041	p000595	a001134	145
4042	p000595	a001238	10
4043	p000595	a003002	42
4044	p000595	a003010	52
4045	p000595	a005008	15
4046	p000595	a005008	145
4047	p000595	a005243	231
4048	p000595	a005243	294
4049	p000596	a000019	29
4050	p000596	a000041	35
4051	p000596	a000046	76
4052	p000596	a000046	88
4053	p000596	a000071	6
4054	p000596	a000071	42
4055	p000596	a000071	159
4056	p000596	a000207	81
4057	p000596	a000207	124
4058	p000596	a000207	167
4059	p000596	a000212	83
4060	p000596	a000212	130
4061	p000596	a000213	39
4062	p000596	a000217	0
4063	p000596	a000217	21
4064	p000596	a000217	72
4065	p000596	a000217	113
4066	p000596	a000217	122
4067	p000596	a000217	140
4068	p000596	a000227	50
4069	p000596	a001026	78
4070	p000596	a001224	114
4071	p000596	a005238	51
4072	p000596	a005354	50
4073	p000596	a005731	108
4074	p000596	a005855	86
4075	p000596	a006007	146
4076	p000596	a099999	0
4077	p000597	a000072	23
4078	p000597	a000072	39
4079	p000597	a000072	106
4080	p000597	a000072	120
4081	p000597	a000072	125
4082	p000597	a000072	137
4083	p000597	a000215	41
4084	p000597	a000215	113
4085	p000597	a000217	4
4086	p000597	a000217	22
4087	p000597	a000217	29
4088	p000597	a000217	38
4089	p000597	a000217	49
4090	p000597	a000217	68
4091	p000597	a000217	76
4092	p000597	a000217	93
4093	p000597	a000217	105
4094	p000597	a000226	87
4095	p000597	a001026	0
4096	p000597	a001234	25
4097	p000597	a005710	32
4098	p000597	a005730	109
4099	p000597	a005731	290
4100	p000597	a005746	0
4101	p000597	a006002	29
4102	p000597	a006002	44
4103	p000597	a006002	79
4104	p000597	a099999	0
4105	p000598	a000207	59
4106	p000598	a000207	69
4107	p000598	a000207	103
4108	p000598	a000207	133
4109	p000598	a000212	28
4110	p000598	a000212	46
4111	p000598	a000215	20
4112	p000598	a000215	52
4113	p000598	a000227	55
4114	p000598	a000227	70
4115	p000598	a000227	143
4116	p000598	a000992	32
4117	p000598	a000992	80
4118	p000598	a000992	97
4119	p000598	a000992	144
4120	p000598	a001026	28
4121	p000598	a001224	42
4122	p000598	a001234	20
4123	p000598	a005129	30
4124	p000598	a005129	71
4125	p000598	a005354	0
4126	p000598	a005746	69
4127	p000598	a005855	32
4128	p000598	a005855	84
4129	p000598	a005855	99
4130	p000598	a006002	0
4131	p000598	a006002	34
4132	p000598	a006007	41
4133	p000599	a000076	0
4134	p000599	a000076	110
4135	p000599	a000076	144
4136	p000599	a000076	189
4137	p000599	a000212	44
4138	p000599	a000212	64
4139	p000599	a000212	82
4140	p000599	a000215	283
4141	p000599	a000215	314
4142	p000599	a000215	368
4143	p000599	a000226	0
4144	p000599	a000227	55
4145	p000599	a000227	125
4146	p000599	a000992	0
4147	p000599	a000992	36
4148	p000599	a000992	67
4149	p000599	a000993	0
4150	p000599	a001026	0
4151	p000599	a001026	80
4152	p000599	a005121	86
4153	p000599	a005710	86
4154	p000599	a005746	17
4155	p000599	a005855	32
4156	p000599	a005855	56
4157	p000599	a005855	104
4158	p000599	a006002	6
4159	p000599	a006007	40
4160	p000599	a099999	47
4161	p100045	a000069	75
4162	p100045	a000073	65
4163	p100045	a000073	183
4164	p100045	a000091	91
4165	p100045	a000091	128
4166	p100045	a000109	0
4167	p100045	a000109	49
4168	p100045	a000209	0
4169	p100045	a000209	63
4170	p100045	a000209	83
4171	p100045	a000209	120
4172	p100045	a000209	207
4173	p100045	a000211	142
4174	p100045	a000212	123
4175	p100045	a000212	185
4176	p100045	a000279	92
4177	p100045	a000279	191
4178	p100045	a001082	0
4179	p100045	a001082	50
4180	p100045	a001082	63
4181	p100045	a001082	131
4182	p100045	a001147	212
4183	p100045	a003011	0
4184	p100045	a003011	66
4185	p100045	a005121	107
4186	p100045	a005121	157
4187	p100045	a006000	24
4188	p100045	a099999	65
4189	p100046	a000149	0
4190	p100046	a000149	54
4191	p100046	a000149	95
4192	p100046	a000150	24
4193	p100046	a000150	25
4194	p100046	a000150	29
4195	p100046	a000150	34
4196	p100046	a000150	61
4197	p100046	a000150	80
4198	p100046	a000150	122
4199	p100046	a000152	18
4200	p100046	a000152	28
4201	p100046	a000152	53
4202	p100046	a000152	76
4203	p100046	a000152	94
4204	p100046	a000153	149
4205	p100046	a000157	85
4206	p100046	a000157	160
4207	p100046	a000157	182
4208	p100046	a000160	79
4209	p100046	a000160	90
4210	p100046	a000205	56
4211	p100046	a000893	36
4212	p100046	a000893	45
4213	p100046	a000893	66
4214	p100046	a000893	90
4215	p100046	a005316	3
4216	p100046	a005731	48
4217	p100047	a000091	25
4218	p100047	a000091	66
4219	p100047	a000091	100
4220	p100047	a000149	69
4221	p100047	a000152	20
4222	p100047	a000152	32
4223	p100047	a000152	39
4224	p100047	a000152	100
4225	p100047	a000152	115
4226	p100047	a000153	0
4227	p100047	a000153	61
4228	p100047	a000153	80
4229	p100047	a000154	43
4230	p100047	a000155	107
4231	p100047	a000155	120
4232	p100047	a000160	51
4233	p100047	a000160	114
4234	p100047	a000160	132
4235	p100047	a000160	174
4236	p100047	a000205	42
4237	p100047	a000205	79
4238	p100047	a000215	84
4239	p100047	a000225	79
4240	p100047	a001426	141
4241	p100047	a001426	315
4242	p100047	a001426	539
4243	p100047	a005823	38
4244	p100047	a005823	117
4245	p100048	a000046	55
4246	p100048	a000046	106
4247	p100048	a000065	0
4248	p100048	a000065	90
4249	p100048	a000065	116
4250	p100048	a000149	119
4251	p100048	a000149	130
4252	p100048	a000150	2
4253	p100048	a000150	43
4254	p100048	a000152	6
4255	p100048	a000152	62
4256	p100048	a000152	85
4257	p100048	a000152	133
4258	p100048	a000152	144
4259	p100048	a000153	0
4260	p100048	a000153	39
4261	p100048	a000155	119
4262	p100048	a000157	17
4263	p100048	a000157	96
4264	p100048	a000652	52
4265	p100048	a000652	99
4266	p100048	a000652	106
4267	p100048	a000652	119
4268	p100048	a001072	4
4269	p100048	a001072	123
4270	p100048	a001426	168
4271	p100048	a001426	347
4272	p100048	a005746	23
4273	p100049	a000019	34
4274	p100049	a000149	21
4275	p100049	a000149	22
4276	p100049	a000149	27
4277	p100049	a000149	56
4278	p100049	a000152	3
4279	p100049	a000152	17
4280	p100049	a000152	38
4281	p100049	a000152	42
4282	p100049	a000152	58
4283	p100049	a000152	78
4284	p100049	a000153	28
4285	p100049	a000153	77
4286	p100049	a000153	119
4287	p100049	a000155	49
4288	p100049	a000157	68
4289	p100049	a000160	6
4290	p100049	a000160	35
4291	p100049	a000160	50
4292	p100049	a000160	62
4293	p100049	a000160	75
4294	p100049	a000212	53
4295	p100049	a000214	102
4296	p100049	a000279	158
4297	p100049	a000992	29
4298	p100049	a000992	187
4299	p100049	a001426	251
4300	p100049	a003012	32
4301	p100050	a000049	60
4302	p100050	a000110	25
4303	p100050	a000110	82
4304	p100050	a000149	49
4305	p100050	a000150	120
4306	p100050	a000152	38
4307	p100050	a000153	65
4308	p100050	a000153	89
4309	p100050	a000153	131
4310	p100050	a000155	0
4311	p100050	a000155	72
4312	p100050	a000155	89
4313	p100050	a000156	54
4314	p100050	a000156	100
4315	p100050	a000157	85
4316	p100050	a000160	76
4317	p100050	a000160	91
4318	p100050	a000160	159
4319	p100050	a000652	73
4320	p100050	a000652	86
4321	p100050	a001426	189
4322	p100050	a001426	193
4323	p100050	a001426	194
4324	p100050	a001426	198
4325	p100050	a001426	199
4326	p100050	a001426	273
4327	p100050	a003012	18
4328	p100050	a005823	67
4329	p100051	a000030	0
4330	p100051	a000046	52
4331	p100051	a000072	117
4332	p100051	a000145	41
4333	p100051	a000145	95
4334	p100051	a000158	0
4335	p100051	a000209	111
4336	p100051	a000209	244
4337	p100051	a000218	157
4338	p100051	a000224	70
4339	p100051	a000326	237
4340	p100051	a000326	238
4341	p100051	a000326	240
4342	p100051	a000326	254
4343	p100051	a000326	258
4344	p100051	a000326	259
4345	p100051	a001082	54
4346	p100051	a001082	55
4347	p100051	a001082	56
4348	p100051	a001082	68
4349	p100051	a001082	85
4350	p100051	a001398	11
4351	p100051	a005730	70
4352	p100051	a005730	71
4353	p100051	a005730	81
4354	p100051	a005829	123
4355	p100051	a006001	2
4356	p100051	a006001	40
4357	p100055	a000011	37
4358	p100055	a000029	18
4359	p100055	a000031	0
4360	p100055	a000046	86
4361	p100055	a000047	47
4362	p100055	a000047	85
4363	p100055	a000047	93
4364	p100055	a000047	107
4365	p100055	a000049	96
4366	p100055	a000049	115
4367	p100055	a000091	108
4368	p100055	a000192	0
4369	p100055	a000204	22
4370	p100055	a000204	29
4371	p100055	a000204	33
4372	p100055	a000204	35
4373	p100055	a000204	40
4374	p100055	a000204	54
4375	p100055	a000204	78
4376	p100055	a000204	123
4377	p100055	a000208	40
4378	p100055	a000208	114
4379	p100055	a000218	205
4380	p100055	a000218	206
4381	p100055	a000986	76
4382	p100055	a000986	177
4383	p100055	a005121	17
4384	p100055	a005711	147
4385	p100056	a000011	31
4386	p100056	a000029	30
4387	p100056	a000031	6
4388	p100056	a000047	50
4389	p100056	a000047	77
4390	p100056	a000047	82
4391	p100056	a000047	95
4392	p100056	a000047	106
4393	p100056	a000072	199
4394	p100056	a000072	200
4395	p100056	a000074	127
4396	p100056	a000076	78
4397	p100056	a000076	111
4398	p100056	a000143	139
4399	p100056	a000143	140
4400	p100056	a000158	61
4401	p100056	a000185	12
4402	p100056	a000185	35
4403	p100056	a000185	72
4404	p100056	a000192	71
4405	p100056	a000208	130
4406	p100056	a000208	280
4407	p100056	a000212	57
4408	p100056	a000218	254
4409	p100056	a000988	119
4410	p100056	a001072	9
4411	p100056	a005135	47
4412	p100056	a006001	0
4413	p100057	a000029	2
4414	p100057	a000061	91
4415	p100057	a000069	117
4416	p100057	a000069	147
4417	p100057	a000072	68
4418	p100057	a000072	143
4419	p100057	a000072	175
4420	p100057	a000073	66
4421	p100057	a000109	72
4422	p100057	a000109	128
4423	p100057	a000143	56
4424	p100057	a000143	80
4425	p100057	a000143	125
4426	p100057	a000158	86
4427	p100057	a000158	100
4428	p100057	a000158	119
4429	p100057	a000158	179
4430	p100057	a000158	199
4431	p100057	a000194	61
4432	p100057	a000326	201
4433	p100057	a000326	356
4434	p100057	a000793	15
4435	p100057	a001082	31
4436	p100057	a005770	1
4437	p100057	a005869	48
4438	p100057	a005869	127
4439	p100057	a005869	164
4440	p100057	a006000	27
4441	p100059	a000072	68
4442	p100059	a000072	114
4443	p100059	a000072	144
4444	p100059	a000072	148
4445	p100059	a000072	149
4446	p100059	a000073	113
4447	p100059	a000073	176
4448	p100059	a000143	109
4449	p100059	a000158	44
4450	p100059	a000158	77
4451	p100059	a000158	108
4452	p100059	a000158	142
4453	p100059	a000159	107
4454	p100059	a000194	43
4455	p100059	a000209	133
4456	p100059	a000209	257
4457	p100059	a000215	102
4458	p100059	a000215	217
4459	p100059	a000225	55
4460	p100059	a000326	77
4461	p100059	a000326	123
4462	p100059	a000326	232
4463	p100059	a000993	56
4464	p100059	a005828	96
4465	p100059	a005855	54
4466	p100059	a006000	39
4467	p100059	a006007	63
4468	p100059	a099999	35
4469	p100060	a000026	2
4470	p100060	a000029	0
4471	p100060	a000065	4
4472	p100060	a000065	25
4473	p100060	a000065	47
4474	p100060	a000065	64
4475	p100060	a000073	54
4476	p100060	a000109	36
4477	p100060	a000110	0
4478	p100060	a000110	77
4479	p100060	a000156	0
4480	p100060	a000159	42
4481	p100060	a000159	62
4482	p100060	a000207	6
4483	p100060	a000207	92
4484	p100060	a000207	137
4485	p100060	a000207	177
4486	p100060	a000212	51
4487	p100060	a000215	80
4488	p100060	a000225	145
4489	p100060	a000988	84
4490	p100060	a000988	101
4491	p100060	a001023	76
4492	p100060	a001072	1
4493	p100060	a001082	65
4494	p100060	a005711	0
4495	p100060	a005711	82
4496	p100060	a099999	48
4497	p100061	a000026	50
4498	p100061	a000065	92
4499	p100061	a000065	123
4500	p100061	a000073	97
4501	p100061	a000110	51
4502	p100061	a000143	0
4503	p100061	a000143	20
4504	p100061	a000143	40
4505	p100061	a000143	79
4506	p100061	a000143	98
4507	p100061	a000204	3
4508	p100061	a000204	4
4509	p100061	a000204	44
4510	p100061	a000204	55
4511	p100061	a000204	69
4512	p100061	a000207	144
4513	p100061	a000210	70
4514	p100061	a000210	94
4515	p100061	a000215	43
4516	p100061	a000992	81
4517	p100061	a000992	93
4518	p100061	a000992	141
4519	p100061	a001023	48
4520	p100061	a001082	53
4521	p100061	a001134	75
4522	p100061	a001134	92
4523	p100061	a005121	0
4524	p100061	a005121	92
4525	p100062	a000019	2
4526	p100062	a000026	37
4527	p100062	a000039	40
4528	p100062	a000041	28
4529	p100062	a000056	85
4530	p100062	a000073	99
4531	p100062	a000108	0
4532	p100062	a000109	0
4533	p100062	a000109	19
4534	p100062	a000109	139
4535	p100062	a000110	110
4536	p100062	a000207	39
4537	p100062	a000207	154
4538	p100062	a000208	116
4539	p100062	a000208	145
4540	p100062	a000208	206
4541	p100062	a000208	224
4542	p100062	a000208	296
4543	p100062	a000218	158
4544	p100062	a000223	0
4545	p100062	a000988	72
4546	p100062	a001134	42
4547	p100062	a001134	60
4548	p100062	a005135	0
4549	p100062	a005711	117
4550	p100062	a005711	156
4551	p100062	a005855	55
4552	p100062	a099999	46
4553	p100063	a000026	51
4554	p100063	a000041	77
4555	p100063	a000041	100
4556	p100063	a000065	4
4557	p100063	a000065	35
4558	p100063	a000065	82
4559	p100063	a000065	101
4560	p100063	a000065	145
4561	p100063	a000073	55
4562	p100063	a000073	206
4563	p100063	a000073	241
4564	p100063	a000110	98
4565	p100063	a000207	57
4566	p100063	a000214	35
4567	p100063	a000221	91
4568	p100063	a000221	136
4569	p100063	a000221	261
4570	p100063	a000224	97
4571	p100063	a000225	108
4572	p100063	a000225	187
4573	p100063	a001023	80
4574	p100063	a001072	87
4575	p100063	a003011	1
4576	p100063	a003011	34
4577	p100063	a005121	85
4578	p100063	a005121	128
4579	p100063	a005770	32
4580	p100063	a099999	4
4581	p100064	a000011	4
4582	p100064	a000014	3
4583	p100064	a000014	56
4584	p100064	a000047	24
4585	p100064	a000047	40
4586	p100064	a000047	55
4587	p100064	a000047	78
4588	p100064	a000047	90
4589	p100064	a000047	101
4590	p100064	a000065	13
4591	p100064	a000065	42
4592	p100064	a000065	64
4593	p100064	a000091	4
4594	p100064	a000110	67
4595	p100064	a000170	52
4596	p100064	a000182	48
4597	p100064	a000792	50
4598	p100064	a000986	70
4599	p100064	a000986	108
4600	p100064	a000986	178
4601	p100064	a000993	0
4602	p100064	a001244	7
4603	p100064	a003002	0
4604	p100064	a003002	62
4605	p100064	a003011	46
4606	p100064	a005728	34
4607	p100064	a005829	88
4608	p100064	a099999	46
4609	p100065	a000011	25
4610	p100065	a000014	12
4611	p100065	a000031	0
4612	p100065	a000040	82
4613	p100065	a000040	117
4614	p100065	a000047	102
4615	p100065	a000047	117
4616	p100065	a000048	48
4617	p100065	a000069	152
4618	p100065	a000091	25
4619	p100065	a000091	88
4620	p100065	a000091	136
4621	p100065	a000110	91
4622	p100065	a000145	87
4623	p100065	a000145	127
4624	p100065	a000182	22
4625	p100065	a000208	70
4626	p100065	a000208	113
4627	p100065	a000221	77
4628	p100065	a000221	150
4629	p100065	a000221	216
4630	p100065	a000221	290
4631	p100065	a000790	94
4632	p100065	a001023	25
4633	p100065	a001026	38
4634	p100065	a001362	0
4635	p100065	a003010	83
4636	p100065	a003011	11
4637	p100066	a000040	54
4638	p100066	a000040	116
4639	p100066	a000076	83
4640	p100066	a000076	110
4641	p100066	a000076	249
4642	p100066	a000701	70
4643	p100066	a000701	88
4644	p100066	a000701	89
4645	p100066	a000701	96
4646	p100066	a000701	125
4647	p100066	a001225	29
4648	p100066	a001231	34
4649	p100066	a001233	10
4650	p100066	a001236	70
4651	p100066	a001238	63
4652	p100066	a001241	0
4653	p100066	a003002	8
4654	p100066	a005129	47
4655	p100066	a005129	62
4656	p100066	a005129	78
4657	p100066	a005129	139
4658	p100066	a005243	151
4659	p100066	a005243	218
4660	p100066	a005730	51
4661	p100066	a005746	0
4662	p100066	a006002	55
4663	p100066	a006002	89
4664	p100066	a099999	14
4665	p100067	a000145	44
4666	p100067	a000145	87
4667	p100067	a000185	2
4668	p100067	a000185	13
4669	p100067	a000185	22
4670	p100067	a000185	23
4671	p100067	a000185	24
4672	p100067	a000185	33
4673	p100067	a000185	50
4674	p100067	a000185	61
4675	p100067	a000185	62
4676	p100067	a000185	101
4677	p100067	a000185	112
4678	p100067	a000208	57
4679	p100067	a000208	223
4680	p100067	a000208	267
4681	p100067	a000228	88
4682	p100067	a000228	134
4683	p100067	a000388	126
4684	p100067	a001236	0
4685	p100067	a005129	68
4686	p100067	a005129	106
4687	p100067	a005229	0
4688	p100067	a005243	91
4689	p100067	a005672	10
4690	p100067	a005672	123
4691	p100067	a005728	47
4692	p100067	a005751	59
4693	p100068	a000211	2
4694	p100068	a000211	39
4695	p100068	a000211	57
4696	p100068	a000211	80
4697	p100068	a001225	53
4698	p100068	a001237	4
4699	p100068	a001237	40
4700	p100068	a001237	99
4701	p100068	a001241	0
4702	p100068	a001241	38
4703	p100068	a001241	71
4704	p100068	a001241	99
4705	p100068	a001241	118
4706	p100068	a005070	29
4707	p100068	a005129	0
4708	p100068	a005129	33
4709	p100068	a005129	43
4710	p100068	a005129	56
4711	p100068	a005129	64
4712	p100068	a005129	75
4713	p100068	a005129	101
4714	p100068	a005129	108
4715	p100068	a005129	116
4716	p100068	a005243	4
4717	p100068	a005243	33
4718	p100068	a005728	15
4719	p100068	a099999	2
4720	p100069	a000069	56
4721	p100069	a000069	72
4722	p100069	a000069	102
4723	p100069	a000069	122
4724	p100069	a000069	159
4725	p100069	a000170	58
4726	p100069	a000185	0
4727	p100069	a000185	18
4728	p100069	a000185	43
4729	p100069	a000185	79
4730	p100069	a000228	65
4731	p100069	a000228	127
4732	p100069	a000701	16
4733	p100069	a000986	80
4734	p100069	a000986	124
4735	p100069	a000986	230
4736	p100069	a001230	3
4737	p100069	a001231	1
4738	p100069	a001233	10
4739	p100069	a001237	64
4740	p100069	a001241	182
4741	p100069	a005050	193
4742	p100069	a005243	0
4743	p100069	a005243	54
4744	p100069	a005746	38
4745	p100069	a005751	88
4746	p100069	a005829	40
4747	p100069	a099999	1
4748	p100070	a000014	36
4749	p100070	a000050	94
4750	p100070	a000194	0
4751	p100070	a000211	40
4752	p100070	a000211	58
4753	p100070	a000211	86
4754	p100070	a000211	113
4755	p100070	a000701	44
4756	p100070	a000701	97
4757	p100070	a000701	177
4758	p100070	a000701	194
4759	p100070	a000701	231
4760	p100070	a000986	0
4761	p100070	a000986	46
4762	p100070	a000986	147
4763	p100070	a000986	172
4764	p100070	a000986	208
4765	p100070	a001224	10
4766	p100070	a001231	43
4767	p100070	a001234	12
4768	p100070	a001238	28
4769	p100070	a001239	0
4770	p100070	a005672	40
4771	p100070	a005731	63
4772	p100070	a006007	0
4773	p100070	a006007	73
4774	p100070	a006007	105
4775	p100070	a006007	127
4776	p100071	a000071	26
4777	p100071	a000071	71
4778	p100071	a000071	91
4779	p100071	a000388	0
4780	p100071	a000388	81
4781	p100071	a000388	111
4782	p100071	a000701	80
4783	p100071	a000701	104
4784	p100071	a000701	173
4785	p100071	a000701	206
4786	p100071	a001224	57
4787	p100071	a001225	0
4788	p100071	a001225	39
4789	p100071	a001230	25
4790	p100071	a001231	0
4791	p100071	a001233	0
4792	p100071	a001237	0
4793	p100071	a001238	35
4794	p100071	a001239	78
4795	p100071	a005050	51
4796	p100071	a005050	83
4797	p100071	a005243	34
4798	p100071	a005243	48
4799	p100071	a005243	81
4800	p100071	a005746	43
4801	p100071	a005751	71
4802	p100071	a005751	101
4803	p100071	a099999	4
4804	p100072	a000014	0
4805	p100072	a000014	36
4806	p100072	a000050	85
4807	p100072	a000388	112
4808	p100072	a000388	160
4809	p100072	a000701	65
4810	p100072	a000701	130
4811	p100072	a000701	175
4812	p100072	a001230	33
4813	p100072	a001231	13
4814	p100072	a001232	0
4815	p100072	a001234	21
4816	p100072	a001238	46
4817	p100072	a001239	141
4818	p100072	a001241	101
4819	p100072	a001241	129
4820	p100072	a005229	2
4821	p100072	a005243	33
4822	p100072	a005243	78
4823	p100072	a005672	123
4824	p100072	a005672	124
4825	p100072	a005672	134
4826	p100072	a005710	94
4827	p100072	a005731	174
4828	p100072	a005731	279
4829	p100072	a005746	0
4830	p100072	a005751	57
4831	p100072	a005751	150
4832	p100073	a000014	49
4833	p100073	a000070	0
4834	p100073	a000070	49
4835	p100073	a000071	8
4836	p100073	a000071	84
4837	p100073	a000071	106
4838	p100073	a000194	83
4839	p100073	a000194	153
4840	p100073	a000388	50
4841	p100073	a000388	82
4842	p100073	a000701	148
4843	p100073	a000701	223
4844	p100073	a001225	33
4845	p100073	a001230	8
4846	p100073	a001231	38
4847	p100073	a001232	37
4848	p100073	a001239	2
4849	p100073	a003002	13
4850	p100073	a005050	27
4851	p100073	a005243	21
4852	p100073	a005243	110
4853	p100073	a005371	0
4854	p100073	a005371	57
4855	p100073	a005672	76
4856	p100073	a005731	27
4857	p100073	a005746	0
4858	p100073	a005751	52
4859	p100073	a099999	3
4860	p100074	a000012	43
4861	p100074	a000048	42
4862	p100074	a000048	58
4863	p100074	a000048	151
4864	p100074	a000062	0
4865	p100074	a000062	35
4866	p100074	a000062	81
4867	p100074	a000062	114
4868	p100074	a000075	0
4869	p100074	a000075	71
4870	p100074	a000075	218
4871	p100074	a000170	78
4872	p100074	a000790	20
4873	p100074	a000790	44
4874	p100074	a000790	90
4875	p100074	a000790	141
4876	p100074	a000792	58
4877	p100074	a000792	73
4878	p100074	a000792	89
4879	p100074	a000793	15
4880	p100074	a000793	94
4881	p100074	a000793	135
4882	p100074	a001236	35
4883	p100074	a001398	49
4884	p100074	a003010	21
4885	p100074	a005672	86
4886	p100074	a006000	17
4887	p100074	a099999	42
4888	p100075	a000011	44
4889	p100075	a000012	46
4890	p100075	a000049	0
4891	p100075	a000076	55
4892	p100075	a000076	85
4893	p100075	a000091	3
4894	p100075	a000091	22
4895	p100075	a000091	31
4896	p100075	a000091	40
4897	p100075	a000091	69
4898	p100075	a000091	78
4899	p100075	a000208	72
4900	p100075	a000208	111
4901	p100075	a000208	139
4902	p100075	a000208	147
4903	p100075	a000208	178
4904	p100075	a000208	193
4905	p100075	a000208	272
4906	p100075	a000209	111
4907	p100075	a000209	179
4908	p100075	a000209	220
4909	p100075	a000326	57
4910	p100075	a000326	91
4911	p100075	a000326	110
4912	p100075	a000326	157
4913	p100075	a001023	14
4914	p100075	a001224	6
4915	p100075	a003011	10
4916	p100076	a000011	15
4917	p100076	a000012	40
4918	p100076	a000030	20
4919	p100076	a000046	41
4920	p100076	a000047	0
4921	p100076	a000047	11
4922	p100076	a000049	116
4923	p100076	a000062	33
4924	p100076	a000076	71
4925	p100076	a000076	119
4926	p100076	a000076	131
4927	p100076	a000091	91
4928	p100076	a000091	135
4929	p100076	a000170	0
4930	p100076	a000208	0
4931	p100076	a000208	47
4932	p100076	a000208	74
4933	p100076	a000208	151
4934	p100076	a000208	201
4935	p100076	a000208	230
4936	p100076	a000279	31
4937	p100076	a000792	13
4938	p100076	a001235	38
4939	p100076	a001236	43
4940	p100076	a001362	0
4941	p100076	a001398	11
4942	p100076	a005672	91
4943	p100076	a005869	0
4944	p100077	a000011	0
4945	p100077	a000019	0
4946	p100077	a000030	0
4947	p100077	a000047	0
4948	p100077	a000047	59
4949	p100077	a000048	73
4950	p100077	a000049	0
4951	p100077	a000074	99
4952	p100077	a000076	96
4953	p100077	a000076	205
4954	p100077	a000076	229
4955	p100077	a000076	240
4956	p100077	a000182	55
4957	p100077	a000208	372
4958	p100077	a000208	415
4959	p100077	a000217	52
4960	p100077	a000217	67
4961	p100077	a000217	90
4962	p100077	a000217	91
4963	p100077	a000218	64
4964	p100077	a000218	82
4965	p100077	a000218	188
4966	p100077	a000218	325
4967	p100077	a000326	230
4968	p100077	a001235	30
4969	p100077	a001236	13
4970	p100077	a001398	54
4971	p100077	a005828	80
4972	p100078	a000019	8
4973	p100078	a000030	42
4974	p100078	a000047	64
4975	p100078	a000047	76
4976	p100078	a000076	60
4977	p100078	a000076	247
4978	p100078	a000076	267
4979	p100078	a000091	0
4980	p100078	a000182	40
4981	p100078	a000208	153
4982	p100078	a000208	346
4983	p100078	a000209	91
4984	p100078	a000209	182
4985	p100078	a000209	385
4986	p100078	a000218	262
4987	p100078	a000279	24
4988	p100078	a000279	223
4989	p100078	a001235	30
4990	p100078	a001236	38
4991	p100078	a001398	0
4992	p100078	a003010	11
4993	p100078	a003011	39
4994	p100078	a005672	29
4995	p100078	a005828	79
4996	p100078	a005829	9
4997	p100078	a005869	84
4998	p100078	a005869	144
4999	p100078	a006001	41
